{
  "Q_model": {
    "fcnet_activation": "relu",
    "fcnet_hiddens": [
      256,
      256,
      256
    ]
  },
  "bc_iters": 10000000,
  "clip_actions": false,
  "env": "HalfCheetah-v2",
  "evaluation_config": {
    "input": "sampler"
  },
  "evaluation_interval": 1,
  "framework": "torch",
  "horizon": 1000,
  "input": "/home/mluo/ray/rllib/d4rl.halfcheetah-random-v1",
  "lagrangian": false,
  "learning_starts": 10000,
  "metrics_smoothing_episodes": 5,
  "min_q_weight": 5.0,
  "n_step": 1,
  "no_done_at_end": false,
  "normalize_actions": true,
  "num_actions": 10,
  "num_gpus": 1,
  "num_workers": 0,
  "optimization": {
    "actor_learning_rate": 0.0003,
    "critic_learning_rate": 0.0003,
    "entropy_learning_rate": 0.0003
  },
  "policy_model": {
    "fcnet_activation": "relu",
    "fcnet_hiddens": [
      256,
      256,
      256
    ]
  },
  "prioritized_replay": false,
  "rollout_fragment_length": 1,
  "soft_horizon": false,
  "target_entropy": "auto",
  "target_network_update_freq": 1,
  "tau": 0.005,
  "temperature": 1.0,
  "timesteps_per_iteration": 1000,
  "train_batch_size": 256
}