episode_reward_mean,episode_len_mean,timesteps_this_iter,done,timesteps_total,episodes_total,training_iteration,experiment_id,date,timestamp,time_this_iter_s,time_total_s,pid,hostname,node_ip,time_since_restore,timesteps_since_restore,iterations_since_restore,trial_id,experiment_tag,info/weights_norm,info/grad_norm,info/update_ratio,info/episodes_this_iter,info/episodes_so_far,perf/cpu_util_percent,perf/ram_util_percent
215.31926,42.0,31732,False,31732,,1,ed7f6cae57e544989254b07753d366d1,2020-04-22_15-32-51,1587569571,22.053738832473755,22.053738832473755,87225,ip-172-31-19-219,172.31.19.219,22.053738832473755,31732,1,00000,0,523.63617,13.367592,0.18037224,1086,1086,35.434375,13.66875
259.4251,58.0,38879,False,70611,,2,ed7f6cae57e544989254b07753d366d1,2020-04-22_15-32-52,1587569572,1.383641004562378,23.437379837036133,87225,ip-172-31-19-219,172.31.19.219,23.437379837036133,70611,2,00000,0,541.03644,13.716519,0.12628572,1052,2138,57.55,15.3
277.37616,60.0,55632,False,126243,,3,ed7f6cae57e544989254b07753d366d1,2020-04-22_15-32-54,1587569574,1.9787094593048096,25.416089296340942,87225,ip-172-31-19-219,172.31.19.219,25.416089296340942,126243,3,00000,0,560.4462,11.084343,0.10106116,1308,3446,54.73333333333333,15.366666666666667
293.67505,63.0,53051,False,179294,,4,ed7f6cae57e544989254b07753d366d1,2020-04-22_15-32-56,1587569576,1.8120970726013184,27.22818636894226,87225,ip-172-31-19-219,172.31.19.219,27.22818636894226,179294,4,00000,0,579.8259,12.910169,0.08618599,1082,4528,60.15,15.3
302.61108,62.5,62285,False,241579,,5,ed7f6cae57e544989254b07753d366d1,2020-04-22_15-32-58,1587569578,2.256735324859619,29.48492169380188,87225,ip-172-31-19-219,172.31.19.219,29.48492169380188,241579,5,00000,0,599.12885,12.519459,0.076068565,1136,5664,55.625,15.4
302.61108,nan,60279,False,301858,,6,ed7f6cae57e544989254b07753d366d1,2020-04-22_15-33-00,1587569580,2.227553606033325,31.712475299835205,87225,ip-172-31-19-219,172.31.19.219,31.712475299835205,301858,6,00000,0,618.2444,13.224113,0.06859601,1054,6718,61.699999999999996,15.4
319.14233,75.5,62870,False,364728,,7,ed7f6cae57e544989254b07753d366d1,2020-04-22_15-33-03,1587569583,2.3347160816192627,34.04719138145447,87225,ip-172-31-19-219,172.31.19.219,34.04719138145447,364728,7,00000,0,636.9068,12.632504,0.06265681,1036,7754,63.699999999999996,15.4
330.84326,77.0,64674,False,429402,,8,ed7f6cae57e544989254b07753d366d1,2020-04-22_15-33-05,1587569585,2.6119542121887207,36.65914559364319,87225,ip-172-31-19-219,172.31.19.219,36.65914559364319,429402,8,00000,0,654.96436,13.898033,0.05836426,1020,8774,51.725,15.425
351.02914,94.0,67898,False,497300,,9,ed7f6cae57e544989254b07753d366d1,2020-04-22_15-33-08,1587569588,2.4816477298736572,39.140793323516846,87225,ip-172-31-19-219,172.31.19.219,39.140793323516846,497300,9,00000,0,672.45044,13.856069,0.054713987,1042,9816,59.666666666666664,15.4
368.1983,96.0,67034,False,564334,,10,ed7f6cae57e544989254b07753d366d1,2020-04-22_15-33-10,1587569590,2.382936954498291,41.52373027801514,87225,ip-172-31-19-219,172.31.19.219,41.52373027801514,564334,10,00000,0,689.5979,14.139076,0.051751375,1004,10820,61.224999999999994,15.4
379.51346,91.5,82067,False,646401,,11,ed7f6cae57e544989254b07753d366d1,2020-04-22_15-33-13,1587569593,3.013448476791382,44.53717875480652,87225,ip-172-31-19-219,172.31.19.219,44.53717875480652,646401,11,00000,0,706.37317,11.877739,0.048852853,1164,11984,65.625,15.4
411.00275,100.0,84346,False,730747,,12,ed7f6cae57e544989254b07753d366d1,2020-04-22_15-33-16,1587569596,2.9099504947662354,47.447129249572754,87225,ip-172-31-19-219,172.31.19.219,47.447129249572754,730747,12,00000,0,722.7171,11.571159,0.04627301,1162,13146,64.75,15.4
422.8666,78.5,85475,False,816222,,13,ed7f6cae57e544989254b07753d366d1,2020-04-22_15-33-19,1587569599,2.9781572818756104,50.425286531448364,87225,ip-172-31-19-219,172.31.19.219,50.425286531448364,816222,13,00000,0,738.4677,11.558098,0.044078622,1162,14308,58.279999999999994,15.4
446.48383,105.5,86631,False,902853,,14,ed7f6cae57e544989254b07753d366d1,2020-04-22_15-33-22,1587569602,3.042848825454712,53.468135356903076,87225,ip-172-31-19-219,172.31.19.219,53.468135356903076,902853,14,00000,0,753.61316,12.453934,0.042416252,1162,15470,69.85,15.4
462.24884,109.0,86829,False,989682,,15,ed7f6cae57e544989254b07753d366d1,2020-04-22_15-33-25,1587569605,3.0201773643493652,56.48831272125244,87225,ip-172-31-19-219,172.31.19.219,56.48831272125244,989682,15,00000,0,768.212,11.665965,0.0407672,1160,16630,68.15,15.4
487.65106,116.0,89577,False,1079259,,16,ed7f6cae57e544989254b07753d366d1,2020-04-22_15-33-28,1587569608,3.098076105117798,59.58638882637024,87225,ip-172-31-19-219,172.31.19.219,59.58638882637024,1079259,16,00000,0,782.22455,11.598838,0.039408535,1146,17776,58.6,15.4
492.50238,91.5,92723,False,1171982,,17,ed7f6cae57e544989254b07753d366d1,2020-04-22_15-33-32,1587569612,3.278557777404785,62.864946603775024,87225,ip-172-31-19-219,172.31.19.219,62.864946603775024,1171982,17,00000,0,795.70355,11.828135,0.038275596,1144,18920,70.925,15.4
498.8602,88.5,95816,False,1267798,,18,ed7f6cae57e544989254b07753d366d1,2020-04-22_15-33-35,1587569615,3.2798354625701904,66.14478206634521,87225,ip-172-31-19-219,172.31.19.219,66.14478206634521,1267798,18,00000,0,808.80005,12.392551,0.037400216,1142,20062,64.96,15.4
502.07257,100.0,98524,False,1366322,,19,ed7f6cae57e544989254b07753d366d1,2020-04-22_15-33-38,1587569618,3.326050281524658,69.47083234786987,87225,ip-172-31-19-219,172.31.19.219,69.47083234786987,1366322,19,00000,0,821.26135,12.138315,0.036542006,1144,21206,64.32,15.419999999999998
502.52484,102.33333333333333,100519,False,1466841,,20,ed7f6cae57e544989254b07753d366d1,2020-04-22_15-33-42,1587569622,3.5270936489105225,72.9979259967804,87225,ip-172-31-19-219,172.31.19.219,72.9979259967804,1466841,20,00000,0,833.15924,11.844167,0.035725515,1144,22350,65.11999999999999,15.419999999999998
503.57748,94.0,102257,False,1569098,,21,ed7f6cae57e544989254b07753d366d1,2020-04-22_15-33-45,1587569625,3.4450294971466064,76.442955493927,87225,ip-172-31-19-219,172.31.19.219,76.442955493927,1569098,21,00000,0,844.5561,12.310766,0.035092596,1144,23494,66.56,15.440000000000001
505.84872,116.5,104811,False,1673909,,22,ed7f6cae57e544989254b07753d366d1,2020-04-22_15-33-49,1587569629,3.5240261554718018,79.9669816493988,87225,ip-172-31-19-219,172.31.19.219,79.9669816493988,1673909,22,00000,0,855.59393,11.89271,0.0344681,1140,24634,68.72,15.440000000000001
529.7285,134.0,105266,False,1779175,,23,ed7f6cae57e544989254b07753d366d1,2020-04-22_15-33-52,1587569632,3.4998903274536133,83.46687197685242,87225,ip-172-31-19-219,172.31.19.219,83.46687197685242,1779175,23,00000,0,866.25494,12.188055,0.033976004,1140,25774,68.88,15.419999999999998
541.89734,137.0,108064,False,1887239,,24,ed7f6cae57e544989254b07753d366d1,2020-04-22_15-33-56,1587569636,3.596865653991699,87.06373763084412,87225,ip-172-31-19-219,172.31.19.219,87.06373763084412,1887239,24,00000,0,876.4613,12.515341,0.033519756,1142,26916,70.9,15.419999999999998
545.45294,108.5,109056,False,1996295,,25,ed7f6cae57e544989254b07753d366d1,2020-04-22_15-33-59,1587569639,3.575187921524048,90.63892555236816,87225,ip-172-31-19-219,172.31.19.219,90.63892555236816,1996295,25,00000,0,886.2186,12.024042,0.033015247,1140,28056,71.82,15.4
538.442,98.0,111491,False,2107786,,26,ed7f6cae57e544989254b07753d366d1,2020-04-22_15-34-03,1587569643,3.751917600631714,94.39084315299988,87225,ip-172-31-19-219,172.31.19.219,94.39084315299988,2107786,26,00000,0,895.69806,12.122931,0.03262241,1142,29198,69.84,15.4
569.37164,163.0,111588,False,2219374,,27,ed7f6cae57e544989254b07753d366d1,2020-04-22_15-34-07,1587569647,3.8109025955200195,98.2017457485199,87225,ip-172-31-19-219,172.31.19.219,98.2017457485199,2219374,27,00000,0,904.8168,11.776914,0.032166142,1142,30340,64.96666666666667,15.416666666666666
570.2859,97.0,113535,False,2332909,,28,ed7f6cae57e544989254b07753d366d1,2020-04-22_15-34-11,1587569651,3.724611520767212,101.92635726928711,87225,ip-172-31-19-219,172.31.19.219,101.92635726928711,2332909,28,00000,0,913.60675,12.3231125,0.03187975,1140,31480,75.58000000000001,15.4
570.77185,106.0,112651,False,2445560,,29,ed7f6cae57e544989254b07753d366d1,2020-04-22_15-34-14,1587569654,3.7400267124176025,105.66638398170471,87225,ip-172-31-19-219,172.31.19.219,105.66638398170471,2445560,29,00000,0,922.1043,11.670395,0.031443678,1142,32622,69.53999999999999,15.4
570.77185,nan,113379,False,2558939,,30,ed7f6cae57e544989254b07753d366d1,2020-04-22_15-34-18,1587569658,3.6675055027008057,109.33388948440552,87225,ip-172-31-19-219,172.31.19.219,109.33388948440552,2558939,30,00000,0,930.2035,11.888162,0.031129686,1142,33764,67.58333333333333,15.4
586.4248,129.66666666666666,113994,False,2672933,,31,ed7f6cae57e544989254b07753d366d1,2020-04-22_15-34-22,1587569662,3.951568126678467,113.28545761108398,87225,ip-172-31-19-219,172.31.19.219,113.28545761108398,2672933,31,00000,0,938.10583,11.518417,0.030823398,1140,34904,74.88,15.4
591.5166,109.66666666666667,113595,False,2786528,,32,ed7f6cae57e544989254b07753d366d1,2020-04-22_15-34-26,1587569666,3.857635498046875,117.14309310913086,87225,ip-172-31-19-219,172.31.19.219,117.14309310913086,2786528,32,00000,0,945.69,11.983778,0.03065373,1140,36044,62.74999999999999,15.416666666666666
591.5166,nan,115054,False,2901582,,33,ed7f6cae57e544989254b07753d366d1,2020-04-22_15-34-30,1587569670,3.8112401962280273,120.95433330535889,87225,ip-172-31-19-219,172.31.19.219,120.95433330535889,2901582,33,00000,0,952.9042,12.200487,0.030517343,1146,37190,73.5,15.4
596.3312,113.75,114975,False,3016557,,34,ed7f6cae57e544989254b07753d366d1,2020-04-22_15-34-34,1587569674,3.9003167152404785,124.85465002059937,87225,ip-172-31-19-219,172.31.19.219,124.85465002059937,3016557,34,00000,0,959.90436,11.614513,0.030212734,1148,38338,64.28333333333333,15.416666666666666
582.4616,102.0,115157,False,3131714,,35,ed7f6cae57e544989254b07753d366d1,2020-04-22_15-34-37,1587569677,3.7881786823272705,128.64282870292664,87225,ip-172-31-19-219,172.31.19.219,128.64282870292664,3131714,35,00000,0,966.7933,12.811712,0.030242605,1142,39480,74.16,15.4
582.4616,nan,118765,False,3250479,,36,ed7f6cae57e544989254b07753d366d1,2020-04-22_15-34-41,1587569681,3.9845778942108154,132.62740659713745,87225,ip-172-31-19-219,172.31.19.219,132.62740659713745,3250479,36,00000,0,973.5911,11.749085,0.030008916,1140,40620,65.81666666666668,15.416666666666666
573.18164,110.5,118499,False,3368978,,37,ed7f6cae57e544989254b07753d366d1,2020-04-22_15-34-45,1587569685,3.884075164794922,136.51148176193237,87225,ip-172-31-19-219,172.31.19.219,136.51148176193237,3368978,37,00000,0,980.1049,11.589567,0.029723646,1140,41760,73.12,15.4
592.86304,142.0,121615,False,3490593,,38,ed7f6cae57e544989254b07753d366d1,2020-04-22_15-34-49,1587569689,4.025506019592285,140.53698778152466,87225,ip-172-31-19-219,172.31.19.219,140.53698778152466,3490593,38,00000,0,986.4418,11.949233,0.029590556,1140,42900,70.26666666666667,15.4
588.5243,94.5,121736,False,3612329,,39,ed7f6cae57e544989254b07753d366d1,2020-04-22_15-34-53,1587569693,4.012472867965698,144.54946064949036,87225,ip-172-31-19-219,172.31.19.219,144.54946064949036,3612329,39,00000,0,992.5494,12.10797,0.029526612,1140,44040,67.41666666666667,15.416666666666666
568.49915,114.0,122757,False,3735086,,40,ed7f6cae57e544989254b07753d366d1,2020-04-22_15-34-57,1587569697,4.112488269805908,148.66194891929626,87225,ip-172-31-19-219,172.31.19.219,148.66194891929626,3735086,40,00000,0,998.54236,12.488696,0.02951923,1146,45186,67.68333333333334,15.416666666666666
583.4956,121.5,123518,False,3858604,,41,ed7f6cae57e544989254b07753d366d1,2020-04-22_15-35-01,1587569701,4.015895366668701,152.67784428596497,87225,ip-172-31-19-219,172.31.19.219,152.67784428596497,3858604,41,00000,0,1004.4961,11.991354,0.029420765,1140,46326,74.32000000000001,15.4
592.0341,116.0,123158,False,3981762,,42,ed7f6cae57e544989254b07753d366d1,2020-04-22_15-35-06,1587569706,4.1100075244903564,156.78785181045532,87225,ip-172-31-19-219,172.31.19.219,156.78785181045532,3981762,42,00000,0,1010.2319,10.433299,0.029017676,1140,47466,70.78333333333333,15.4
592.0341,nan,123942,False,4105704,,43,ed7f6cae57e544989254b07753d366d1,2020-04-22_15-35-10,1587569710,4.040328502655029,160.82818031311035,87225,ip-172-31-19-219,172.31.19.219,160.82818031311035,4105704,43,00000,0,1015.6947,12.322908,0.02904046,1140,48606,71.1,15.4
592.0341,nan,123856,False,4229560,,44,ed7f6cae57e544989254b07753d366d1,2020-04-22_15-35-14,1587569714,4.052594184875488,164.88077449798584,87225,ip-172-31-19-219,172.31.19.219,164.88077449798584,4229560,44,00000,0,1020.9963,11.312718,0.028807746,1140,49746,68.41666666666667,15.4
590.931,127.0,122534,False,4352094,,45,ed7f6cae57e544989254b07753d366d1,2020-04-22_15-35-18,1587569718,4.095404863357544,168.97617936134338,87225,ip-172-31-19-219,172.31.19.219,168.97617936134338,4352094,45,00000,0,1026.1073,12.209421,0.02882477,1140,50886,67.18333333333334,15.416666666666666
598.9863,122.0,123358,False,4475452,,46,ed7f6cae57e544989254b07753d366d1,2020-04-22_15-35-22,1587569722,4.010124921798706,172.9863042831421,87225,ip-172-31-19-219,172.31.19.219,172.9863042831421,4475452,46,00000,0,1031.0858,11.894191,0.028746722,1140,52026,75.2,15.4
605.63586,126.0,124023,False,4599475,,47,ed7f6cae57e544989254b07753d366d1,2020-04-22_15-35-26,1587569726,4.0604493618011475,177.04675364494324,87225,ip-172-31-19-219,172.31.19.219,177.04675364494324,4599475,47,00000,0,1035.8413,11.706618,0.028602362,1140,53166,70.56666666666666,15.4
621.13806,126.0,125603,False,4725078,,48,ed7f6cae57e544989254b07753d366d1,2020-04-22_15-35-30,1587569730,4.00287652015686,181.0496301651001,87225,ip-172-31-19-219,172.31.19.219,181.0496301651001,4725078,48,00000,0,1040.5885,12.2950115,0.02865691,1140,54306,72.63333333333333,15.4
625.3573,118.33333333333333,125098,False,4850176,,49,ed7f6cae57e544989254b07753d366d1,2020-04-22_15-35-34,1587569734,4.042342662811279,185.09197282791138,87225,ip-172-31-19-219,172.31.19.219,185.09197282791138,4850176,49,00000,0,1045.0773,12.079928,0.028615205,1140,55446,69.25,15.416666666666666
620.11755,124.0,124930,False,4975106,,50,ed7f6cae57e544989254b07753d366d1,2020-04-22_15-35-38,1587569738,3.976175308227539,189.06814813613892,87225,ip-172-31-19-219,172.31.19.219,189.06814813613892,4975106,50,00000,0,1049.6002,12.174258,0.028572056,1140,56586,76.36,15.4
630.53064,110.0,126978,False,5102084,,51,ed7f6cae57e544989254b07753d366d1,2020-04-22_15-35-42,1587569742,3.994856357574463,193.06300449371338,87225,ip-172-31-19-219,172.31.19.219,193.06300449371338,5102084,51,00000,0,1054.0868,11.560499,0.028428968,1140,57726,75.35,15.4
630.53064,nan,127123,False,5229207,,52,ed7f6cae57e544989254b07753d366d1,2020-04-22_15-35-46,1587569746,3.9917924404144287,197.0547969341278,87225,ip-172-31-19-219,172.31.19.219,197.0547969341278,5229207,52,00000,0,1058.4402,11.4319105,0.02830108,1140,58866,71.11666666666666,15.416666666666666
643.2224,127.0,127133,False,5356340,,53,ed7f6cae57e544989254b07753d366d1,2020-04-22_15-35-50,1587569750,3.970726251602173,201.02552318572998,87225,ip-172-31-19-219,172.31.19.219,201.02552318572998,5356340,53,00000,0,1062.8401,11.97254,0.028287333,1140,60006,77.24000000000001,15.4
646.94574,121.0,128002,False,5484342,,54,ed7f6cae57e544989254b07753d366d1,2020-04-22_15-35-54,1587569754,4.014420747756958,205.03994393348694,87225,ip-172-31-19-219,172.31.19.219,205.03994393348694,5484342,54,00000,0,1067.1569,13.00885,0.028444089,1140,61146,75.16666666666667,15.4
637.7419,104.0,129970,False,5614312,,55,ed7f6cae57e544989254b07753d366d1,2020-04-22_15-35-58,1587569758,4.144255876541138,209.18419981002808,87225,ip-172-31-19-219,172.31.19.219,209.18419981002808,5614312,55,00000,0,1071.4109,12.179266,0.028425248,1140,62286,73.63333333333334,15.4
644.3201,132.0,130818,False,5745130,,56,ed7f6cae57e544989254b07753d366d1,2020-04-22_15-36-02,1587569762,4.175219297409058,213.35941910743713,87225,ip-172-31-19-219,172.31.19.219,213.35941910743713,5745130,56,00000,0,1075.3976,12.060465,0.028365176,1140,63426,72.71666666666665,15.4
654.0346,134.0,131159,False,5876289,,57,ed7f6cae57e544989254b07753d366d1,2020-04-22_15-36-07,1587569767,4.26462197303772,217.62404108047485,87225,ip-172-31-19-219,172.31.19.219,217.62404108047485,5876289,57,00000,0,1079.3358,11.455382,0.028133985,1140,64566,72.0,15.4
665.5711,146.0,132621,False,6008910,,58,ed7f6cae57e544989254b07753d366d1,2020-04-22_15-36-11,1587569771,4.246670246124268,221.87071132659912,87225,ip-172-31-19-219,172.31.19.219,221.87071132659912,6008910,58,00000,0,1083.1569,11.643536,0.027985461,1140,65706,72.26666666666667,15.4
662.52783,124.0,132792,False,6141702,,59,ed7f6cae57e544989254b07753d366d1,2020-04-22_15-36-15,1587569775,4.2426488399505615,226.11336016654968,87225,ip-172-31-19-219,172.31.19.219,226.11336016654968,6141702,59,00000,0,1086.9438,12.580991,0.028097594,1140,66846,74.14999999999999,15.4
666.46643,124.75,131450,False,6273152,,60,ed7f6cae57e544989254b07753d366d1,2020-04-22_15-36-19,1587569779,4.371931552886963,230.48529171943665,87225,ip-172-31-19-219,172.31.19.219,230.48529171943665,6273152,60,00000,0,1090.6559,13.230142,0.028294303,1140,67986,64.14285714285714,15.400000000000002
665.80005,127.5,131807,False,6404959,,61,ed7f6cae57e544989254b07753d366d1,2020-04-22_15-36-24,1587569784,4.304153203964233,234.78944492340088,87225,ip-172-31-19-219,172.31.19.219,234.78944492340088,6404959,61,00000,0,1094.3004,12.029589,0.028182516,1140,69126,72.56666666666668,15.433333333333332
675.508,129.0,132913,False,6537872,,62,ed7f6cae57e544989254b07753d366d1,2020-04-22_15-36-28,1587569788,4.249470233917236,239.03891515731812,87225,ip-172-31-19-219,172.31.19.219,239.03891515731812,6537872,62,00000,0,1097.854,12.946745,0.02827369,1140,70266,73.11666666666666,15.433333333333332
672.7186,121.5,134538,False,6672410,,63,ed7f6cae57e544989254b07753d366d1,2020-04-22_15-36-32,1587569792,4.283429145812988,243.3223443031311,87225,ip-172-31-19-219,172.31.19.219,243.3223443031311,6672410,63,00000,0,1101.3849,13.166569,0.028404335,1140,71406,73.7,15.416666666666666
672.7186,nan,133882,False,6806292,,64,ed7f6cae57e544989254b07753d366d1,2020-04-22_15-36-36,1587569796,4.175432920455933,247.49777722358704,87225,ip-172-31-19-219,172.31.19.219,247.49777722358704,6806292,64,00000,0,1104.972,11.15474,0.028096445,1140,72546,73.23333333333335,15.416666666666666
672.7186,nan,135953,False,6942245,,65,ed7f6cae57e544989254b07753d366d1,2020-04-22_15-36-41,1587569801,4.194480895996094,251.69225811958313,87225,ip-172-31-19-219,172.31.19.219,251.69225811958313,6942245,65,00000,0,1108.517,12.208162,0.028068844,1140,73686,74.88333333333334,15.416666666666666
677.4098,131.33333333333334,137981,False,7080226,,66,ed7f6cae57e544989254b07753d366d1,2020-04-22_15-36-45,1587569805,4.4411163330078125,256.13337445259094,87225,ip-172-31-19-219,172.31.19.219,256.13337445259094,7080226,66,00000,0,1112.0315,11.923505,0.027964408,1140,74826,75.45,15.4
691.2461,127.0,139530,False,7219756,,67,ed7f6cae57e544989254b07753d366d1,2020-04-22_15-36-49,1587569809,4.405805826187134,260.5391802787781,87225,ip-172-31-19-219,172.31.19.219,260.5391802787781,7219756,67,00000,0,1115.5133,12.565814,0.027973734,1140,75966,72.76666666666667,15.4
693.35565,143.66666666666666,140882,False,7360638,,68,ed7f6cae57e544989254b07753d366d1,2020-04-22_15-36-54,1587569814,4.555416107177734,265.0945963859558,87225,ip-172-31-19-219,172.31.19.219,265.0945963859558,7360638,68,00000,0,1118.9891,11.348952,0.0277246,1140,77106,70.11428571428571,15.400000000000002
693.35565,nan,141872,False,7502510,,69,ed7f6cae57e544989254b07753d366d1,2020-04-22_15-36-59,1587569819,4.575071334838867,269.6696677207947,87225,ip-172-31-19-219,172.31.19.219,269.6696677207947,7502510,69,00000,0,1122.5358,11.5227785,0.027560133,1140,78246,73.21666666666667,15.4
691.0988,132.66666666666666,143485,False,7645995,,70,ed7f6cae57e544989254b07753d366d1,2020-04-22_15-37-03,1587569823,4.570038318634033,274.2397060394287,87225,ip-172-31-19-219,172.31.19.219,274.2397060394287,7645995,70,00000,0,1126.0477,12.005024,0.02756345,1140,79386,71.65714285714287,15.400000000000002
685.27155,142.0,142653,False,7788648,,71,ed7f6cae57e544989254b07753d366d1,2020-04-22_15-37-08,1587569828,4.64273738861084,278.88244342803955,87225,ip-172-31-19-219,172.31.19.219,278.88244342803955,7788648,71,00000,0,1129.5577,13.116298,0.027722144,1140,80526,67.51428571428572,15.400000000000002
709.62244,170.0,144782,False,7933430,,72,ed7f6cae57e544989254b07753d366d1,2020-04-22_15-37-12,1587569832,4.573191404342651,283.4556348323822,87225,ip-172-31-19-219,172.31.19.219,283.4556348323822,7933430,72,00000,0,1133.1075,11.888854,0.027606497,1140,81666,79.61666666666666,15.4
719.38544,156.0,144951,False,8078381,,73,ed7f6cae57e544989254b07753d366d1,2020-04-22_15-37-17,1587569837,4.611653804779053,288.06728863716125,87225,ip-172-31-19-219,172.31.19.219,288.06728863716125,8078381,73,00000,0,1136.6798,12.654254,0.027698226,1140,82806,68.6,15.428571428571429
719.03296,125.0,146098,False,8224479,,74,ed7f6cae57e544989254b07753d366d1,2020-04-22_15-37-22,1587569842,4.587892293930054,292.6551809310913,87225,ip-172-31-19-219,172.31.19.219,292.6551809310913,8224479,74,00000,0,1140.2953,12.509227,0.027693942,1140,83946,78.26666666666667,15.4
719.03296,nan,146753,False,8371232,,75,ed7f6cae57e544989254b07753d366d1,2020-04-22_15-37-26,1587569846,4.547468900680542,297.20264983177185,87225,ip-172-31-19-219,172.31.19.219,297.20264983177185,8371232,75,00000,0,1143.9486,12.525831,0.027694255,1140,85086,71.48571428571428,15.428571428571429
729.2182,167.0,147552,False,8518784,,76,ed7f6cae57e544989254b07753d366d1,2020-04-22_15-37-31,1587569851,4.682888507843018,301.88553833961487,87225,ip-172-31-19-219,172.31.19.219,301.88553833961487,8518784,76,00000,0,1147.5922,12.467676,0.027690448,1140,86226,76.98333333333333,15.4
744.96014,155.0,147813,False,8666597,,77,ed7f6cae57e544989254b07753d366d1,2020-04-22_15-37-36,1587569856,4.763461112976074,306.64899945259094,87225,ip-172-31-19-219,172.31.19.219,306.64899945259094,8666597,77,00000,0,1151.2012,11.164211,0.027442785,1140,87366,74.21428571428571,15.400000000000002
745.98865,150.66666666666666,148208,False,8814805,,78,ed7f6cae57e544989254b07753d366d1,2020-04-22_15-37-41,1587569861,4.904792547225952,311.5537919998169,87225,ip-172-31-19-219,172.31.19.219,311.5537919998169,8814805,78,00000,0,1154.8698,11.93849,0.027353724,1140,88506,69.10000000000001,15.400000000000002
749.3169,142.0,148378,False,8963183,,79,ed7f6cae57e544989254b07753d366d1,2020-04-22_15-37-45,1587569865,4.9364495277404785,316.4902415275574,87225,ip-172-31-19-219,172.31.19.219,316.4902415275574,8963183,79,00000,0,1158.4501,11.647788,0.027298823,1140,89646,71.31428571428572,15.400000000000002
749.08154,150.0,149402,False,9112585,,80,ed7f6cae57e544989254b07753d366d1,2020-04-22_15-37-50,1587569870,4.727637529373169,321.21787905693054,87225,ip-172-31-19-219,172.31.19.219,321.21787905693054,9112585,80,00000,0,1161.9017,11.447153,0.027143743,1140,90786,70.68571428571428,15.400000000000002
740.521,129.5,149650,False,9262235,,81,ed7f6cae57e544989254b07753d366d1,2020-04-22_15-37-55,1587569875,4.711355209350586,325.9292342662811,87225,ip-172-31-19-219,172.31.19.219,325.9292342662811,9262235,81,00000,0,1165.2236,11.804834,0.02700209,1140,91926,70.27142857142857,15.428571428571429
748.0885,151.0,150588,False,9412823,,82,ed7f6cae57e544989254b07753d366d1,2020-04-22_15-38-00,1587569880,4.74106764793396,330.6703019142151,87225,ip-172-31-19-219,172.31.19.219,330.6703019142151,9412823,82,00000,0,1168.4733,9.9803915,0.026615059,1140,93066,75.93333333333334,15.4
732.9788,143.0,150066,False,9562889,,83,ed7f6cae57e544989254b07753d366d1,2020-04-22_15-38-04,1587569884,4.7493157386779785,335.41961765289307,87225,ip-172-31-19-219,172.31.19.219,335.41961765289307,9562889,83,00000,0,1171.7522,12.883706,0.026868064,1140,94206,74.17142857142858,15.400000000000002
698.22845,82.0,150230,False,9713119,,84,ed7f6cae57e544989254b07753d366d1,2020-04-22_15-38-09,1587569889,4.659624099731445,340.0792417526245,87225,ip-172-31-19-219,172.31.19.219,340.0792417526245,9713119,84,00000,0,1174.9417,12.80145,0.027019864,1140,95346,72.41428571428571,15.400000000000002
705.2843,148.0,148831,False,9861950,,85,ed7f6cae57e544989254b07753d366d1,2020-04-22_15-38-14,1587569894,4.738501071929932,344.81774282455444,87225,ip-172-31-19-219,172.31.19.219,344.81774282455444,9861950,85,00000,0,1177.9265,11.64786,0.026947422,1140,96486,69.72857142857143,15.428571428571429
705.2843,nan,150948,False,10012898,,86,ed7f6cae57e544989254b07753d366d1,2020-04-22_15-38-18,1587569898,4.5921101570129395,349.4098529815674,87225,ip-172-31-19-219,172.31.19.219,349.4098529815674,10012898,86,00000,0,1180.8264,11.808706,0.026882647,1140,97626,79.95,15.4
705.2843,nan,150696,False,10163594,,87,ed7f6cae57e544989254b07753d366d1,2020-04-22_15-38-23,1587569903,4.6978044509887695,354.10765743255615,87225,ip-172-31-19-219,172.31.19.219,354.10765743255615,10163594,87,00000,0,1183.7247,11.339673,0.026740799,1140,98766,71.94285714285715,15.400000000000002
701.9178,152.0,151490,False,10315084,,88,ed7f6cae57e544989254b07753d366d1,2020-04-22_15-38-28,1587569908,4.646384954452515,358.75404238700867,87225,ip-172-31-19-219,172.31.19.219,358.75404238700867,10315084,88,00000,0,1186.6238,12.378503,0.026818108,1140,99906,70.71428571428571,15.414285714285715
697.1853,149.5,152139,False,10467223,,89,ed7f6cae57e544989254b07753d366d1,2020-04-22_15-38-33,1587569913,4.9318015575408936,363.68584394454956,87225,ip-172-31-19-219,172.31.19.219,363.68584394454956,10467223,89,00000,0,1189.4475,12.241361,0.026891544,1140,101046,70.95714285714284,15.400000000000002
697.1853,nan,153188,False,10620411,,90,ed7f6cae57e544989254b07753d366d1,2020-04-22_15-38-38,1587569918,4.870399475097656,368.5562434196472,87225,ip-172-31-19-219,172.31.19.219,368.5562434196472,10620411,90,00000,0,1192.1909,11.989674,0.026843097,1140,102186,71.34285714285714,15.400000000000002
699.6734,149.0,154779,False,10775190,,91,ed7f6cae57e544989254b07753d366d1,2020-04-22_15-38-42,1587569922,4.83076024055481,373.387003660202,87225,ip-172-31-19-219,172.31.19.219,373.387003660202,10775190,91,00000,0,1194.9469,12.087934,0.026857141,1140,103326,79.16666666666669,15.4
707.363,156.0,156233,False,10931423,,92,ed7f6cae57e544989254b07753d366d1,2020-04-22_15-38-47,1587569927,4.917715787887573,378.3047194480896,87225,ip-172-31-19-219,172.31.19.219,378.3047194480896,10931423,92,00000,0,1197.6388,12.140774,0.02687023,1140,104466,72.61428571428571,15.400000000000002
707.5536,157.0,158192,False,11089615,,93,ed7f6cae57e544989254b07753d366d1,2020-04-22_15-38-52,1587569932,4.97733473777771,383.2820541858673,87225,ip-172-31-19-219,172.31.19.219,383.2820541858673,11089615,93,00000,0,1200.2439,11.386303,0.026734311,1140,105606,69.1125,15.412500000000001
718.58203,137.0,158202,False,11247817,,94,ed7f6cae57e544989254b07753d366d1,2020-04-22_15-38-57,1587569937,4.965713977813721,388.24776816368103,87225,ip-172-31-19-219,172.31.19.219,388.24776816368103,11247817,94,00000,0,1202.687,11.328169,0.026591675,1140,106746,74.24285714285715,15.428571428571429
724.2494,170.0,158027,False,11405844,,95,ed7f6cae57e544989254b07753d366d1,2020-04-22_15-39-02,1587569942,5.022186517715454,393.2699546813965,87225,ip-172-31-19-219,172.31.19.219,393.2699546813965,11405844,95,00000,0,1205.167,12.758312,0.02673089,1140,107886,74.54285714285713,15.414285714285715
718.2562,141.33333333333334,158902,False,11564746,,96,ed7f6cae57e544989254b07753d366d1,2020-04-22_15-39-07,1587569947,4.95770001411438,398.22765469551086,87225,ip-172-31-19-219,172.31.19.219,398.22765469551086,11564746,96,00000,0,1207.5753,12.737165,0.026827877,1140,109026,74.89999999999999,15.414285714285715
718.2562,nan,158720,False,11723466,,97,ed7f6cae57e544989254b07753d366d1,2020-04-22_15-39-12,1587569952,4.8707661628723145,403.0984208583832,87225,ip-172-31-19-219,172.31.19.219,403.0984208583832,11723466,97,00000,0,1209.8933,11.755952,0.026750999,1140,110166,74.62857142857142,15.414285714285715
754.6972,162.0,158883,False,11882349,,98,ed7f6cae57e544989254b07753d366d1,2020-04-22_15-39-17,1587569957,4.994654178619385,408.09307503700256,87225,ip-172-31-19-219,172.31.19.219,408.09307503700256,11882349,98,00000,0,1212.1602,12.307957,0.026781619,1140,111306,74.22857142857143,15.400000000000002
761.42566,165.0,159016,False,12041365,,99,ed7f6cae57e544989254b07753d366d1,2020-04-22_15-39-22,1587569962,4.902370452880859,412.9954454898834,87225,ip-172-31-19-219,172.31.19.219,412.9954454898834,12041365,99,00000,0,1214.4547,12.164045,0.026797732,1140,112446,74.48571428571428,15.400000000000002
761.42566,nan,158815,False,12200180,,100,ed7f6cae57e544989254b07753d366d1,2020-04-22_15-39-27,1587569967,4.934913158416748,417.93035864830017,87225,ip-172-31-19-219,172.31.19.219,417.93035864830017,12200180,100,00000,0,1216.7333,11.198776,0.02658182,1140,113586,73.97142857142856,15.400000000000002
765.5548,160.66666666666666,160511,False,12360691,,101,ed7f6cae57e544989254b07753d366d1,2020-04-22_15-39-32,1587569972,5.235416650772095,423.16577529907227,87225,ip-172-31-19-219,172.31.19.219,423.16577529907227,12360691,101,00000,0,1219.0087,12.260893,0.026601078,1140,114726,72.25714285714285,15.400000000000002
784.2288,182.0,159832,False,12520523,,102,ed7f6cae57e544989254b07753d366d1,2020-04-22_15-39-37,1587569977,5.132199764251709,428.297975063324,87225,ip-172-31-19-219,172.31.19.219,428.297975063324,12520523,102,00000,0,1221.2294,11.6878805,0.026495008,1140,115866,67.86250000000001,15.425
795.561,160.0,163975,False,12684498,,103,ed7f6cae57e544989254b07753d366d1,2020-04-22_15-39-42,1587569982,5.079702615737915,433.3776776790619,87225,ip-172-31-19-219,172.31.19.219,433.3776776790619,12684498,103,00000,0,1223.4225,11.798389,0.026470436,1140,117006,76.51428571428572,15.414285714285715
807.76276,180.66666666666666,163258,False,12847756,,104,ed7f6cae57e544989254b07753d366d1,2020-04-22_15-39-48,1587569988,5.33660364151001,438.7142813205719,87225,ip-172-31-19-219,172.31.19.219,438.7142813205719,12847756,104,00000,0,1225.6871,12.642615,0.02657071,1140,118146,67.0125,15.5125
825.937,188.33333333333334,163710,False,13011466,,105,ed7f6cae57e544989254b07753d366d1,2020-04-22_15-39-53,1587569993,5.339784860610962,444.05406618118286,87225,ip-172-31-19-219,172.31.19.219,444.05406618118286,13011466,105,00000,0,1227.9717,12.23375,0.026559483,1140,119286,75.39999999999999,15.5
832.0345,155.0,163575,False,13175041,,106,ed7f6cae57e544989254b07753d366d1,2020-04-22_15-39-58,1587569998,5.317219257354736,449.3712854385376,87225,ip-172-31-19-219,172.31.19.219,449.3712854385376,13175041,106,00000,0,1230.224,12.009439,0.026510024,1140,120426,68.2375,15.5
832.0345,nan,165083,False,13340124,,107,ed7f6cae57e544989254b07753d366d1,2020-04-22_15-40-04,1587570004,5.057409286499023,454.4286947250366,87225,ip-172-31-19-219,172.31.19.219,454.4286947250366,13340124,107,00000,0,1232.3408,12.883651,0.026616234,1140,121566,77.15714285714286,15.5
828.75085,169.33333333333334,166512,False,13506636,,108,ed7f6cae57e544989254b07753d366d1,2020-04-22_15-40-09,1587570009,5.240410566329956,459.6691052913666,87225,ip-172-31-19-219,172.31.19.219,459.6691052913666,13506636,108,00000,0,1234.5984,12.537143,0.02667522,1140,122706,68.325,15.5
841.4144,159.5,165746,False,13672382,,109,ed7f6cae57e544989254b07753d366d1,2020-04-22_15-40-14,1587570014,5.318333387374878,464.98743867874146,87225,ip-172-31-19-219,172.31.19.219,464.98743867874146,13672382,109,00000,0,1236.8574,11.456901,0.026503893,1140,123846,76.94285714285715,15.5
841.4144,nan,166729,False,13839111,,110,ed7f6cae57e544989254b07753d366d1,2020-04-22_15-40-19,1587570019,5.175276517868042,470.1627151966095,87225,ip-172-31-19-219,172.31.19.219,470.1627151966095,13839111,110,00000,0,1239.0986,12.294255,0.026510987,1140,124986,68.75,15.5
841.4144,nan,166591,False,14005702,,111,ed7f6cae57e544989254b07753d366d1,2020-04-22_15-40-24,1587570024,5.183938980102539,475.34665417671204,87225,ip-172-31-19-219,172.31.19.219,475.34665417671204,14005702,111,00000,0,1241.3335,13.096993,0.026703587,1140,126126,77.5142857142857,15.5
846.5619,157.0,165421,False,14171123,,112,ed7f6cae57e544989254b07753d366d1,2020-04-22_15-40-30,1587570030,5.267049074172974,480.613703250885,87225,ip-172-31-19-219,172.31.19.219,480.613703250885,14171123,112,00000,0,1243.6183,11.546752,0.026517704,1140,127266,74.91428571428571,15.5
841.6642,153.0,166021,False,14337144,,113,ed7f6cae57e544989254b07753d366d1,2020-04-22_15-40-35,1587570035,5.320929527282715,485.9346327781677,87225,ip-172-31-19-219,172.31.19.219,485.9346327781677,14337144,113,00000,0,1245.9799,12.099992,0.026516022,1140,128406,69.1,15.5
841.6642,nan,167662,False,14504806,,114,ed7f6cae57e544989254b07753d366d1,2020-04-22_15-40-40,1587570040,5.118045330047607,491.05267810821533,87225,ip-172-31-19-219,172.31.19.219,491.05267810821533,14504806,114,00000,0,1248.1571,11.755394,0.026377983,1140,129546,74.8,15.5
834.8236,150.0,167649,False,14672455,,115,ed7f6cae57e544989254b07753d366d1,2020-04-22_15-40-45,1587570045,5.232194900512695,496.284873008728,87225,ip-172-31-19-219,172.31.19.219,496.284873008728,14672455,115,00000,0,1250.3295,12.8060055,0.026488135,1140,130686,71.1875,15.5
825.83167,169.5,169033,False,14841488,,116,ed7f6cae57e544989254b07753d366d1,2020-04-22_15-40-51,1587570051,5.271500587463379,501.5563735961914,87225,ip-172-31-19-219,172.31.19.219,501.5563735961914,14841488,116,00000,0,1252.396,11.279856,0.02626488,1140,131826,77.07142857142857,15.5
841.14355,194.0,168710,False,15010198,,117,ed7f6cae57e544989254b07753d366d1,2020-04-22_15-40-56,1587570056,5.317493677139282,506.8738672733307,87225,ip-172-31-19-219,172.31.19.219,506.8738672733307,15010198,117,00000,0,1254.4988,11.325534,0.026105976,1140,132966,70.175,15.5
841.14355,nan,169692,False,15179890,,118,ed7f6cae57e544989254b07753d366d1,2020-04-22_15-41-01,1587570061,5.446155309677124,512.3200225830078,87225,ip-172-31-19-219,172.31.19.219,512.3200225830078,15179890,118,00000,0,1256.4457,12.167336,0.026173705,1140,134106,69.19999999999999,15.5125
841.4176,178.0,170590,False,15350480,,119,ed7f6cae57e544989254b07753d366d1,2020-04-22_15-41-07,1587570067,5.4747748374938965,517.7947974205017,87225,ip-172-31-19-219,172.31.19.219,517.7947974205017,15350480,119,00000,0,1258.3601,12.359867,0.026217302,1140,135246,75.14285714285714,15.5
862.745,235.0,172051,False,15522531,,120,ed7f6cae57e544989254b07753d366d1,2020-04-22_15-41-12,1587570072,5.4835710525512695,523.278368473053,87225,ip-172-31-19-219,172.31.19.219,523.278368473053,15522531,120,00000,0,1260.1984,11.737677,0.026125213,1140,136386,71.525,15.5
862.745,nan,172658,False,15695189,,121,ed7f6cae57e544989254b07753d366d1,2020-04-22_15-41-18,1587570078,5.338541269302368,528.6169097423553,87225,ip-172-31-19-219,172.31.19.219,528.6169097423553,15695189,121,00000,0,1262.0718,12.339162,0.026201334,1140,137526,71.32499999999999,15.5
834.0257,106.0,173290,False,15868479,,122,ed7f6cae57e544989254b07753d366d1,2020-04-22_15-41-23,1587570083,5.546866178512573,534.1637759208679,87225,ip-172-31-19-219,172.31.19.219,534.1637759208679,15868479,122,00000,0,1263.926,12.912269,0.026341593,1140,138666,70.0125,15.5
842.1455,174.2,173964,False,16042443,,123,ed7f6cae57e544989254b07753d366d1,2020-04-22_15-41-29,1587570089,5.6485114097595215,539.8122873306274,87225,ip-172-31-19-219,172.31.19.219,539.8122873306274,16042443,123,00000,0,1265.7782,12.641816,0.026402686,1140,139806,70.16250000000001,15.5
842.1455,nan,175127,False,16217570,,124,ed7f6cae57e544989254b07753d366d1,2020-04-22_15-41-34,1587570094,5.415597438812256,545.2278847694397,87225,ip-172-31-19-219,172.31.19.219,545.2278847694397,16217570,124,00000,0,1267.6573,12.4623785,0.026419021,1140,140946,70.3125,15.5125
831.01355,141.0,177205,False,16394775,,125,ed7f6cae57e544989254b07753d366d1,2020-04-22_15-41-40,1587570100,5.898789882659912,551.1266746520996,87225,ip-172-31-19-219,172.31.19.219,551.1266746520996,16394775,125,00000,0,1269.5364,11.839888,0.026298469,1140,142086,70.9125,15.5
824.57635,157.25,178792,False,16573567,,126,ed7f6cae57e544989254b07753d366d1,2020-04-22_15-41-46,1587570106,5.801365852355957,556.9280405044556,87225,ip-172-31-19-219,172.31.19.219,556.9280405044556,16573567,126,00000,0,1271.4136,12.564406,0.026348673,1140,143226,70.9125,15.5
858.6424,222.0,177445,False,16751012,,127,ed7f6cae57e544989254b07753d366d1,2020-04-22_15-41-52,1587570112,5.949273109436035,562.8773136138916,87225,ip-172-31-19-219,172.31.19.219,562.8773136138916,16751012,127,00000,0,1273.4587,12.240264,0.026282366,1140,144366,64.58888888888889,15.5
889.27264,212.5,180965,False,16931977,,128,ed7f6cae57e544989254b07753d366d1,2020-04-22_15-41-58,1587570118,5.965823411941528,568.8431370258331,87225,ip-172-31-19-219,172.31.19.219,568.8431370258331,16931977,128,00000,0,1275.3529,11.516472,0.026114104,1140,145506,72.05,15.5
909.5006,202.0,179138,False,17111115,,129,ed7f6cae57e544989254b07753d366d1,2020-04-22_15-42-04,1587570124,5.7697694301605225,574.6129064559937,87225,ip-172-31-19-219,172.31.19.219,574.6129064559937,17111115,129,00000,0,1277.2257,12.552998,0.026190747,1140,146646,65.01111111111112,15.5
904.8678,193.5,183065,False,17294180,,130,ed7f6cae57e544989254b07753d366d1,2020-04-22_15-42-10,1587570130,6.015186309814453,580.6280927658081,87225,ip-172-31-19-219,172.31.19.219,580.6280927658081,17294180,130,00000,0,1279.0038,12.230056,0.026157267,1140,147786,73.5375,15.5
921.8301,212.6,178690,False,17472870,,131,ed7f6cae57e544989254b07753d366d1,2020-04-22_15-42-16,1587570136,5.991628170013428,586.6197209358215,87225,ip-172-31-19-219,172.31.19.219,586.6197209358215,17472870,131,00000,0,1280.7936,12.571113,0.026220119,1140,148926,64.5111111111111,15.511111111111111
885.9044,151.0,180979,False,17653849,,132,ed7f6cae57e544989254b07753d366d1,2020-04-22_15-42-22,1587570142,6.098796367645264,592.7185173034668,87225,ip-172-31-19-219,172.31.19.219,592.7185173034668,17653849,132,00000,0,1282.6178,12.214517,0.026164575,1140,150066,71.7625,15.5
959.2111,250.5,181576,False,17835425,,133,ed7f6cae57e544989254b07753d366d1,2020-04-22_15-42-28,1587570148,6.023589372634888,598.7421066761017,87225,ip-172-31-19-219,172.31.19.219,598.7421066761017,17835425,133,00000,0,1284.316,11.762179,0.026042037,1140,151206,65.62222222222223,15.5
949.2461,156.5,182232,False,18017657,,134,ed7f6cae57e544989254b07753d366d1,2020-04-22_15-42-34,1587570154,6.042627811431885,604.7847344875336,87225,ip-172-31-19-219,172.31.19.219,604.7847344875336,18017657,134,00000,0,1285.9531,12.230921,0.026054488,1140,152346,65.23333333333333,15.5
1019.5545,279.0,182460,False,18200117,,135,ed7f6cae57e544989254b07753d366d1,2020-04-22_15-42-40,1587570160,6.445655584335327,611.2303900718689,87225,ip-172-31-19-219,172.31.19.219,611.2303900718689,18200117,135,00000,0,1287.534,11.835534,0.025962947,1140,153486,64.94444444444444,15.5
1037.7683,186.66666666666666,184777,False,18384894,,136,ed7f6cae57e544989254b07753d366d1,2020-04-22_15-42-47,1587570167,6.235333681106567,617.4657237529755,87225,ip-172-31-19-219,172.31.19.219,617.4657237529755,18384894,136,00000,0,1289.1549,12.818783,0.026034474,1140,154626,65.88888888888889,15.511111111111111
1004.20685,155.5,185425,False,18570319,,137,ed7f6cae57e544989254b07753d366d1,2020-04-22_15-42-53,1587570173,6.144399642944336,623.6101233959198,87225,ip-172-31-19-219,172.31.19.219,623.6101233959198,18570319,137,00000,0,1290.6733,11.609442,0.025899379,1140,155766,71.58749999999999,15.5
988.9165,171.0,187677,False,18757996,,138,ed7f6cae57e544989254b07753d366d1,2020-04-22_15-42-59,1587570179,6.0584635734558105,629.6685869693756,87225,ip-172-31-19-219,172.31.19.219,629.6685869693756,18757996,138,00000,0,1292.2506,12.289261,0.025967363,1140,156906,69.53333333333335,15.5
980.7411,194.0,184710,False,18942706,,139,ed7f6cae57e544989254b07753d366d1,2020-04-22_15-43-05,1587570185,6.024579048156738,635.6931660175323,87225,ip-172-31-19-219,172.31.19.219,635.6931660175323,18942706,139,00000,0,1293.7854,11.3617115,0.025798136,1140,158046,66.13333333333334,15.511111111111111
977.69745,186.33333333333334,189053,False,19131759,,140,ed7f6cae57e544989254b07753d366d1,2020-04-22_15-43-11,1587570191,6.294975996017456,641.9881420135498,87225,ip-172-31-19-219,172.31.19.219,641.9881420135498,19131759,140,00000,0,1295.2094,11.717334,0.02571929,1140,159186,67.52222222222223,15.511111111111111
954.2041,165.0,188459,False,19320218,,141,ed7f6cae57e544989254b07753d366d1,2020-04-22_15-43-18,1587570198,6.378287076950073,648.3664290904999,87225,ip-172-31-19-219,172.31.19.219,648.3664290904999,19320218,141,00000,0,1296.5698,13.13241,0.025965575,1140,160326,66.89999999999999,15.511111111111111
973.21893,186.0,187640,False,19507858,,142,ed7f6cae57e544989254b07753d366d1,2020-04-22_15-43-24,1587570204,6.522182464599609,654.8886115550995,87225,ip-172-31-19-219,172.31.19.219,654.8886115550995,19507858,142,00000,0,1297.9053,12.512241,0.026034074,1140,161466,66.12222222222222,15.5
973.21893,nan,191584,False,19699442,,143,ed7f6cae57e544989254b07753d366d1,2020-04-22_15-43-30,1587570210,6.185046911239624,661.0736584663391,87225,ip-172-31-19-219,172.31.19.219,661.0736584663391,19699442,143,00000,0,1299.1426,11.905705,0.025951417,1140,162606,68.18888888888888,15.511111111111111
947.868,190.66666666666666,193290,False,19892732,,144,ed7f6cae57e544989254b07753d366d1,2020-04-22_15-43-37,1587570217,6.610688209533691,667.6843466758728,87225,ip-172-31-19-219,172.31.19.219,667.6843466758728,19892732,144,00000,0,1300.3556,11.539401,0.025849935,1140,163746,68.48888888888888,15.5
975.72656,212.5,194358,False,20087090,,145,ed7f6cae57e544989254b07753d366d1,2020-04-22_15-43-44,1587570224,6.696974754333496,674.3813214302063,87225,ip-172-31-19-219,172.31.19.219,674.3813214302063,20087090,145,00000,0,1301.4728,12.009723,0.025834732,1140,164886,62.86,15.51
981.675,292.0,194403,False,20281493,,146,ed7f6cae57e544989254b07753d366d1,2020-04-22_15-43-50,1587570230,6.677131652832031,681.0584530830383,87225,ip-172-31-19-219,172.31.19.219,681.0584530830383,20281493,146,00000,0,1302.6252,11.938762,0.025798228,1140,166026,68.97777777777779,15.5
981.675,nan,197237,False,20478730,,147,ed7f6cae57e544989254b07753d366d1,2020-04-22_15-43-57,1587570237,6.5345375537872314,687.5929906368256,87225,ip-172-31-19-219,172.31.19.219,687.5929906368256,20478730,147,00000,0,1303.847,13.2832155,0.026015002,1140,167166,64.4,15.5
991.1129,205.75,195320,False,20674050,,148,ed7f6cae57e544989254b07753d366d1,2020-04-22_15-44-04,1587570244,6.891731023788452,694.484721660614,87225,ip-172-31-19-219,172.31.19.219,694.484721660614,20674050,148,00000,0,1305.0687,11.732494,0.025900621,1140,168306,69.78888888888889,15.5
1111.8442,387.0,198887,False,20872937,,149,ed7f6cae57e544989254b07753d366d1,2020-04-22_15-44-10,1587570250,6.65040397644043,701.1351256370544,87225,ip-172-31-19-219,172.31.19.219,701.1351256370544,20872937,149,00000,0,1306.343,12.19313,0.025840836,1140,169446,64.49,15.5
1141.7257,233.5,201000,False,21073937,,150,ed7f6cae57e544989254b07753d366d1,2020-04-22_15-44-18,1587570258,7.118938446044922,708.2540640830994,87225,ip-172-31-19-219,172.31.19.219,708.2540640830994,21073937,150,00000,0,1307.5758,11.8742,0.025796836,1140,170586,64.51,15.5
1105.9291,133.0,200199,False,21274136,,151,ed7f6cae57e544989254b07753d366d1,2020-04-22_15-44-24,1587570264,6.731494426727295,714.9855585098267,87225,ip-172-31-19-219,172.31.19.219,714.9855585098267,21274136,151,00000,0,1308.867,12.117129,0.025845582,1140,171726,64.47999999999999,15.51
1125.5035,228.0,200216,False,21474352,,152,ed7f6cae57e544989254b07753d366d1,2020-04-22_15-44-31,1587570271,6.598678827285767,721.5842373371124,87225,ip-172-31-19-219,172.31.19.219,721.5842373371124,21474352,152,00000,0,1310.0797,11.792509,0.025677482,1140,172866,71.33333333333334,15.5
1124.9563,172.0,198629,False,21672981,,153,ed7f6cae57e544989254b07753d366d1,2020-04-22_15-44-37,1587570277,6.4849772453308105,728.0692145824432,87225,ip-172-31-19-219,172.31.19.219,728.0692145824432,21672981,153,00000,0,1311.4764,12.5372715,0.02577855,1140,174006,70.25555555555556,15.5
1174.3613,287.6666666666667,200486,False,21873467,,154,ed7f6cae57e544989254b07753d366d1,2020-04-22_15-44-45,1587570285,7.178639650344849,735.2478542327881,87225,ip-172-31-19-219,172.31.19.219,735.2478542327881,21873467,154,00000,0,1312.9362,11.590258,0.025703603,1140,175146,58.85454545454545,15.5
1225.0367,281.0,199598,False,22073065,,155,ed7f6cae57e544989254b07753d366d1,2020-04-22_15-44-52,1587570292,7.478368759155273,742.7262229919434,87225,ip-172-31-19-219,172.31.19.219,742.7262229919434,22073065,155,00000,0,1314.3948,11.815045,0.025618784,1140,176286,63.11,15.5
1191.4578,160.0,200893,False,22273958,,156,ed7f6cae57e544989254b07753d366d1,2020-04-22_15-45-00,1587570300,7.5896735191345215,750.3158965110779,87225,ip-172-31-19-219,172.31.19.219,750.3158965110779,22273958,156,00000,0,1315.8645,12.391266,0.025692714,1140,177426,57.68181818181818,15.5
1191.4578,nan,200006,False,22473964,,157,ed7f6cae57e544989254b07753d366d1,2020-04-22_15-45-07,1587570307,6.9954869747161865,757.3113834857941,87225,ip-172-31-19-219,172.31.19.219,757.3113834857941,22473964,157,00000,0,1317.3442,11.482795,0.025582662,1140,178566,63.129999999999995,15.5
1177.8547,257.0,203963,False,22677927,,158,ed7f6cae57e544989254b07753d366d1,2020-04-22_15-45-14,1587570314,7.581691026687622,764.8930745124817,87225,ip-172-31-19-219,172.31.19.219,764.8930745124817,22677927,158,00000,0,1318.7474,11.186651,0.025397018,1140,179706,58.04545454545455,15.5
1265.0354,369.5,209979,False,22887906,,159,ed7f6cae57e544989254b07753d366d1,2020-04-22_15-45-22,1587570322,8.09122347831726,772.984297990799,87225,ip-172-31-19-219,172.31.19.219,772.984297990799,22887906,159,00000,0,1320.1388,10.8969965,0.025187,1140,180846,59.6,15.5
1237.4651,333.5,210254,False,23098160,,160,ed7f6cae57e544989254b07753d366d1,2020-04-22_15-45-30,1587570330,7.750138521194458,780.7344365119934,87225,ip-172-31-19-219,172.31.19.219,780.7344365119934,23098160,160,00000,0,1321.3549,11.962295,0.025244702,1140,181986,59.63636363636363,15.5
1382.9014,530.0,210013,False,23308173,,161,ed7f6cae57e544989254b07753d366d1,2020-04-22_15-45-38,1587570338,7.940402030944824,788.6748385429382,87225,ip-172-31-19-219,172.31.19.219,788.6748385429382,23308173,161,00000,0,1322.6208,12.738096,0.02549208,1140,183126,55.71666666666667,15.5
1476.6907,309.5,208489,False,23516662,,162,ed7f6cae57e544989254b07753d366d1,2020-04-22_15-45-46,1587570346,7.557384014129639,796.2322225570679,87225,ip-172-31-19-219,172.31.19.219,796.2322225570679,23516662,162,00000,0,1323.9026,11.973026,0.02551058,1140,184266,59.66363636363636,15.5
1607.102,486.0,218601,False,23735263,,163,ed7f6cae57e544989254b07753d366d1,2020-04-22_15-45-54,1587570354,8.163644313812256,804.3958668708801,87225,ip-172-31-19-219,172.31.19.219,804.3958668708801,23735263,163,00000,0,1325.1647,11.523018,0.025425468,1140,185406,61.954545454545446,15.5
1701.0842,352.0,216263,False,23951526,,164,ed7f6cae57e544989254b07753d366d1,2020-04-22_15-46-02,1587570362,8.266838073730469,812.6627049446106,87225,ip-172-31-19-219,172.31.19.219,812.6627049446106,23951526,164,00000,0,1326.4341,12.197694,0.02542567,1140,186546,56.49166666666667,15.5
1750.7812,394.0,218393,False,24169919,,165,ed7f6cae57e544989254b07753d366d1,2020-04-22_15-46-11,1587570371,8.617157459259033,821.2798624038696,87225,ip-172-31-19-219,172.31.19.219,821.2798624038696,24169919,165,00000,0,1327.7665,11.873368,0.025454577,1140,187686,57.09166666666667,15.5
1870.4576,536.0,217263,False,24387182,,166,ed7f6cae57e544989254b07753d366d1,2020-04-22_15-46-19,1587570379,8.444787502288818,829.7246499061584,87225,ip-172-31-19-219,172.31.19.219,829.7246499061584,24387182,166,00000,0,1329.1007,12.099873,0.025464138,1140,188826,56.958333333333336,15.5
1870.4576,nan,220338,False,24607520,,167,ed7f6cae57e544989254b07753d366d1,2020-04-22_15-46-27,1587570387,8.213125228881836,837.9377751350403,87225,ip-172-31-19-219,172.31.19.219,837.9377751350403,24607520,167,00000,0,1330.3944,11.596365,0.025406254,1140,189966,56.958333333333336,15.5
1977.9434,357.0,226116,False,24833636,,168,ed7f6cae57e544989254b07753d366d1,2020-04-22_15-46-36,1587570396,8.732377052307129,846.6701521873474,87225,ip-172-31-19-219,172.31.19.219,846.6701521873474,24833636,168,00000,0,1331.578,12.287518,0.025470557,1140,191106,53.73846153846154,15.5
2132.0103,565.5,222029,False,25055665,,169,ed7f6cae57e544989254b07753d366d1,2020-04-22_15-46-44,1587570404,8.430907964706421,855.1010601520538,87225,ip-172-31-19-219,172.31.19.219,855.1010601520538,25055665,169,00000,0,1332.6455,11.925312,0.025461366,1140,192246,57.53333333333333,15.5
2373.8545,843.0,223917,False,25279582,,170,ed7f6cae57e544989254b07753d366d1,2020-04-22_15-46-54,1587570414,9.258853912353516,864.3599140644073,87225,ip-172-31-19-219,172.31.19.219,864.3599140644073,25279582,170,00000,0,1333.7515,12.213266,0.025518551,1140,193386,53.39999999999999,15.507692307692308
2507.9082,613.0,224306,False,25503888,,171,ed7f6cae57e544989254b07753d366d1,2020-04-22_15-47-03,1587570423,9.129053354263306,873.4889674186707,87225,ip-172-31-19-219,172.31.19.219,873.4889674186707,25503888,171,00000,0,1334.8735,10.819471,0.025283132,1140,194526,52.92307692307692,15.507692307692308
2414.7598,339.0,233057,False,25736945,,172,ed7f6cae57e544989254b07753d366d1,2020-04-22_15-47-12,1587570432,9.327676773071289,882.816644191742,87225,ip-172-31-19-219,172.31.19.219,882.816644191742,25736945,172,00000,0,1335.9585,12.72858,0.02543234,1140,195666,55.03846153846154,15.5
2393.8562,272.3333333333333,230218,False,25967163,,173,ed7f6cae57e544989254b07753d366d1,2020-04-22_15-47-21,1587570441,8.969484806060791,891.7861289978027,87225,ip-172-31-19-219,172.31.19.219,891.7861289978027,25967163,173,00000,0,1337.0421,11.819805,0.025365647,1140,196806,54.46923076923077,15.5
2450.7405,599.0,232674,False,26199837,,174,ed7f6cae57e544989254b07753d366d1,2020-04-22_15-47-31,1587570451,9.903537034988403,901.6896660327911,87225,ip-172-31-19-219,172.31.19.219,901.6896660327911,26199837,174,00000,0,1338.1282,10.942357,0.025172852,1140,197946,50.935714285714276,15.5
2706.1746,870.0,236274,False,26436111,,175,ed7f6cae57e544989254b07753d366d1,2020-04-22_15-47-41,1587570461,9.60172176361084,911.291387796402,87225,ip-172-31-19-219,172.31.19.219,911.291387796402,26436111,175,00000,0,1338.9874,11.268866,0.025081359,1140,199086,51.12142857142857,15.507142857142856
2762.6973,498.0,235971,False,26672082,,176,ed7f6cae57e544989254b07753d366d1,2020-04-22_15-47-51,1587570471,9.850265741348267,921.1416535377502,87225,ip-172-31-19-219,172.31.19.219,921.1416535377502,26672082,176,00000,0,1339.8499,11.819743,0.025126936,1140,200226,51.4,15.507142857142856
2656.0798,326.0,233320,False,26905402,,177,ed7f6cae57e544989254b07753d366d1,2020-04-22_15-48-00,1587570480,9.127548217773438,930.2692017555237,87225,ip-172-31-19-219,172.31.19.219,930.2692017555237,26905402,177,00000,0,1340.6522,13.158548,0.02540245,1140,201366,54.71538461538462,15.507692307692308
2723.0396,501.5,239531,False,27144933,,178,ed7f6cae57e544989254b07753d366d1,2020-04-22_15-48-10,1587570490,9.993837118148804,940.2630388736725,87225,ip-172-31-19-219,172.31.19.219,940.2630388736725,27144933,178,00000,0,1341.4824,12.319566,0.025480311,1140,202506,51.978571428571435,15.5
2940.9297,1000.0,235361,False,27380294,,179,ed7f6cae57e544989254b07753d366d1,2020-04-22_15-48-19,1587570499,9.452623128890991,949.7156620025635,87225,ip-172-31-19-219,172.31.19.219,949.7156620025635,27380294,179,00000,0,1342.3258,12.389553,0.025524583,1140,203646,51.32142857142858,15.5
2883.1353,746.5,239957,False,27620251,,180,ed7f6cae57e544989254b07753d366d1,2020-04-22_15-48-30,1587570510,10.475650548934937,960.1913125514984,87225,ip-172-31-19-219,172.31.19.219,960.1913125514984,27620251,180,00000,0,1343.172,11.36236,0.02535756,1140,204786,51.635714285714286,15.5
2796.5662,426.0,238875,False,27859126,,181,ed7f6cae57e544989254b07753d366d1,2020-04-22_15-48-39,1587570519,9.642101526260376,969.8334140777588,87225,ip-172-31-19-219,172.31.19.219,969.8334140777588,27859126,181,00000,0,1343.997,11.3372965,0.025222167,1140,205926,51.728571428571435,15.5
2796.5662,nan,243178,False,28102304,,182,ed7f6cae57e544989254b07753d366d1,2020-04-22_15-48-49,1587570529,9.933656454086304,979.7670705318451,87225,ip-172-31-19-219,172.31.19.219,979.7670705318451,28102304,182,00000,0,1344.8104,12.667329,0.025366932,1140,207066,52.51428571428571,15.5
3063.6895,864.0,250501,False,28352805,,183,ed7f6cae57e544989254b07753d366d1,2020-04-22_15-49-00,1587570540,10.285916090011597,990.0529866218567,87225,ip-172-31-19-219,172.31.19.219,990.0529866218567,28352805,183,00000,0,1345.7332,12.678755,0.025469689,1140,208206,50.58000000000001,15.5
3434.1575,1000.0,250669,False,28603474,,184,ed7f6cae57e544989254b07753d366d1,2020-04-22_15-49-10,1587570550,10.551350116729736,1000.6043367385864,87225,ip-172-31-19-219,172.31.19.219,1000.6043367385864,28603474,184,00000,0,1346.5366,11.242644,0.025345473,1140,209346,50.26666666666667,15.5
3557.8613,843.75,241360,False,28844834,,185,ed7f6cae57e544989254b07753d366d1,2020-04-22_15-49-21,1587570561,11.338065147399902,1011.9424018859863,87225,ip-172-31-19-219,172.31.19.219,1011.9424018859863,28844834,185,00000,0,1347.266,12.15945,0.02540524,1140,210486,45.85,15.5
3226.5115,205.0,247540,False,29092374,,186,ed7f6cae57e544989254b07753d366d1,2020-04-22_15-49-31,1587570571,9.583223581314087,1021.5256254673004,87225,ip-172-31-19-219,172.31.19.219,1021.5256254673004,29092374,186,00000,0,1347.9017,13.436746,0.02565411,1140,211626,53.56428571428571,15.5
3316.0652,688.0,258623,False,29350997,,187,ed7f6cae57e544989254b07753d366d1,2020-04-22_15-49-42,1587570582,10.85495376586914,1032.3805792331696,87225,ip-172-31-19-219,172.31.19.219,1032.3805792331696,29350997,187,00000,0,1348.5554,12.059187,0.025616324,1140,212766,52.080000000000005,15.5
3530.847,743.0,261694,False,29612691,,188,ed7f6cae57e544989254b07753d366d1,2020-04-22_15-49-53,1587570593,11.396332740783691,1043.7769119739532,87225,ip-172-31-19-219,172.31.19.219,1043.7769119739532,29612691,188,00000,0,1349.257,11.444218,0.025444405,1140,213906,46.082352941176474,15.505882352941178
3490.6907,410.0,256870,False,29869561,,189,ed7f6cae57e544989254b07753d366d1,2020-04-22_15-50-03,1587570603,9.6243736743927,1053.401285648346,87225,ip-172-31-19-219,172.31.19.219,1053.401285648346,29869561,189,00000,0,1349.9789,11.236016,0.025272649,1140,215046,59.13076923076923,15.5
3285.8152,590.0,248142,False,30117703,,190,ed7f6cae57e544989254b07753d366d1,2020-04-22_15-50-13,1587570613,9.69926404953003,1063.100549697876,87225,ip-172-31-19-219,172.31.19.219,1063.100549697876,30117703,190,00000,0,1350.6381,12.052495,0.025316546,1140,216186,53.50714285714286,15.5
3140.4143,448.6666666666667,261523,False,30379226,,191,ed7f6cae57e544989254b07753d366d1,2020-04-22_15-50-23,1587570623,10.428900718688965,1073.529450416565,87225,ip-172-31-19-219,172.31.19.219,1073.529450416565,30379226,191,00000,0,1351.2145,12.089054,0.025311274,1140,217326,52.18666666666665,15.5
3183.8687,516.0,261953,False,30641179,,192,ed7f6cae57e544989254b07753d366d1,2020-04-22_15-50-33,1587570633,9.846383810043335,1083.3758342266083,87225,ip-172-31-19-219,172.31.19.219,1083.3758342266083,30641179,192,00000,0,1351.775,12.310439,0.025409067,1140,218466,56.4357142857143,15.5
3024.5217,544.0,274224,False,30915403,,193,ed7f6cae57e544989254b07753d366d1,2020-04-22_15-50-44,1587570644,10.808582305908203,1094.1844165325165,87225,ip-172-31-19-219,172.31.19.219,1094.1844165325165,30915403,193,00000,0,1352.469,11.892385,0.02538263,1140,219606,51.35,15.5
3027.871,1000.0,279696,False,31195099,,194,ed7f6cae57e544989254b07753d366d1,2020-04-22_15-50-55,1587570655,11.412765502929688,1105.5971820354462,87225,ip-172-31-19-219,172.31.19.219,1105.5971820354462,31195099,194,00000,0,1353.2625,12.087452,0.025445065,1140,220746,52.637499999999996,15.5
3027.871,nan,284011,False,31479110,,195,ed7f6cae57e544989254b07753d366d1,2020-04-22_15-51-07,1587570667,11.46921157836914,1117.0663936138153,87225,ip-172-31-19-219,172.31.19.219,1117.0663936138153,31479110,195,00000,0,1354.0455,12.007553,0.025406247,1140,221886,52.875,15.5
3027.871,nan,285410,False,31764520,,196,ed7f6cae57e544989254b07753d366d1,2020-04-22_15-51-18,1587570678,11.324713706970215,1128.3911073207855,87225,ip-172-31-19-219,172.31.19.219,1128.3911073207855,31764520,196,00000,0,1354.7461,12.573148,0.02551062,1140,223026,53.59375,15.5
2967.7253,723.0,308531,False,32073051,,197,ed7f6cae57e544989254b07753d366d1,2020-04-22_15-51-31,1587570691,12.821521997451782,1141.2126293182373,87225,ip-172-31-19-219,172.31.19.219,1141.2126293182373,32073051,197,00000,0,1355.568,11.5741005,0.025363838,1140,224166,48.515789473684215,15.510526315789473
3353.7148,965.0,303408,False,32376459,,198,ed7f6cae57e544989254b07753d366d1,2020-04-22_15-51-46,1587570706,15.151989459991455,1156.3646187782288,87225,ip-172-31-19-219,172.31.19.219,1156.3646187782288,32376459,198,00000,0,1356.3762,11.8994055,0.025310135,1140,225306,43.56666666666666,15.5
3346.364,664.5,307655,False,32684114,,199,ed7f6cae57e544989254b07753d366d1,2020-04-22_15-51-59,1587570719,13.35766077041626,1169.722279548645,87225,ip-172-31-19-219,172.31.19.219,1169.722279548645,32684114,199,00000,0,1357.2587,12.502876,0.025405832,1140,226446,48.815789473684205,15.5
3479.4204,1000.0,328272,False,33012386,,200,ed7f6cae57e544989254b07753d366d1,2020-04-22_15-52-13,1587570733,13.620563268661499,1183.3428428173065,87225,ip-172-31-19-219,172.31.19.219,1183.3428428173065,33012386,200,00000,0,1358.0199,13.29896,0.025636517,1140,227586,49.095,15.505
3582.9126,617.5,346858,False,33359244,,201,ed7f6cae57e544989254b07753d366d1,2020-04-22_15-52-27,1587570747,14.452526569366455,1197.795369386673,87225,ip-172-31-19-219,172.31.19.219,1197.795369386673,33359244,201,00000,0,1358.8556,11.072013,0.025410403,1140,228726,51.095,15.5
3791.1504,1000.0,357138,False,33716382,,202,ed7f6cae57e544989254b07753d366d1,2020-04-22_15-52-44,1587570764,16.171189308166504,1213.9665586948395,87225,ip-172-31-19-219,172.31.19.219,1213.9665586948395,33716382,202,00000,0,1359.6721,11.701781,0.025296897,1140,229866,45.40000000000001,15.5
4069.7603,1000.0,381267,False,34097649,,203,ed7f6cae57e544989254b07753d366d1,2020-04-22_15-52-59,1587570779,15.606632232666016,1229.5731909275055,87225,ip-172-31-19-219,172.31.19.219,1229.5731909275055,34097649,203,00000,0,1360.4181,10.742229,0.025041865,1140,231006,48.12173913043478,15.504347826086958
4069.7603,nan,380896,False,34478545,,204,ed7f6cae57e544989254b07753d366d1,2020-04-22_15-53-16,1587570796,16.424181699752808,1245.9973726272583,87225,ip-172-31-19-219,172.31.19.219,1245.9973726272583,34478545,204,00000,0,1361.0786,10.8716135,0.024870723,1140,232146,48.404347826086955,15.5
4150.2524,680.0,380669,False,34859214,,205,ed7f6cae57e544989254b07753d366d1,2020-04-22_15-53-32,1587570812,16.467017650604248,1262.4643902778625,87225,ip-172-31-19-219,172.31.19.219,1262.4643902778625,34859214,205,00000,0,1361.6567,11.449858,0.024792554,1140,233286,45.82916666666667,15.508333333333333
4374.8857,1000.0,391657,False,35250871,,206,ed7f6cae57e544989254b07753d366d1,2020-04-22_15-53-50,1587570830,17.490352630615234,1279.9547429084778,87225,ip-172-31-19-219,172.31.19.219,1279.9547429084778,35250871,206,00000,0,1362.1528,12.055449,0.024868805,1140,234426,45.995999999999995,15.5
4374.8857,nan,435686,False,35686557,,207,ed7f6cae57e544989254b07753d366d1,2020-04-22_15-54-07,1587570847,17.838889837265015,1297.7936327457428,87225,ip-172-31-19-219,172.31.19.219,1297.7936327457428,35686557,207,00000,0,1362.6151,11.979154,0.02495803,1140,235566,50.1,15.5
4371.07,1000.0,440829,False,36127386,,208,ed7f6cae57e544989254b07753d366d1,2020-04-22_15-54-26,1587570866,18.523818016052246,1316.317450761795,87225,ip-172-31-19-219,172.31.19.219,1316.317450761795,36127386,208,00000,0,1363.1216,11.8631935,0.024963561,1140,236706,49.01538461538462,15.5
4515.954,1000.0,456974,False,36584360,,209,ed7f6cae57e544989254b07753d366d1,2020-04-22_15-54-45,1587570885,19.17212986946106,1335.489580631256,87225,ip-172-31-19-219,172.31.19.219,1335.489580631256,36584360,209,00000,0,1363.632,11.303095,0.024875583,1140,237846,46.95,15.50357142857143
4536.475,1000.0,477126,False,37061486,,210,ed7f6cae57e544989254b07753d366d1,2020-04-22_15-55-05,1587570905,19.470839262008667,1354.9604198932648,87225,ip-172-31-19-219,172.31.19.219,1354.9604198932648,37061486,210,00000,0,1364.1881,11.216322,0.02479327,1140,238986,49.23928571428571,15.5
4706.486,1000.0,500768,False,37562254,,211,ed7f6cae57e544989254b07753d366d1,2020-04-22_15-55-25,1587570925,20.699684381484985,1375.6601042747498,87225,ip-172-31-19-219,172.31.19.219,1375.6601042747498,37562254,211,00000,0,1364.6838,11.258705,0.024765074,1140,240126,49.87586206896551,15.5
4701.11,1000.0,525210,False,38087464,,212,ed7f6cae57e544989254b07753d366d1,2020-04-22_15-55-46,1587570946,20.363533973693848,1396.0236382484436,87225,ip-172-31-19-219,172.31.19.219,1396.0236382484436,38087464,212,00000,0,1365.1832,11.096121,0.024667816,1140,241266,52.56206896551724,15.5
4890.686,1000.0,523734,False,38611198,,213,ed7f6cae57e544989254b07753d366d1,2020-04-22_15-56-06,1587570966,20.491923332214355,1416.515561580658,87225,ip-172-31-19-219,172.31.19.219,1416.515561580658,38611198,213,00000,0,1365.5726,11.721465,0.02468725,1140,242406,52.45862068965517,15.5
4884.142,1000.0,542603,False,39153801,,214,ed7f6cae57e544989254b07753d366d1,2020-04-22_15-56-26,1587570986,20.272329330444336,1436.7878909111023,87225,ip-172-31-19-219,172.31.19.219,1436.7878909111023,39153801,214,00000,0,1365.8009,11.627155,0.024714503,1140,243546,54.179310344827584,15.5
4876.8853,1000.0,587283,False,39741084,,215,ed7f6cae57e544989254b07753d366d1,2020-04-22_15-56-48,1587571008,21.486669301986694,1458.274560213089,87225,ip-172-31-19-219,172.31.19.219,1458.274560213089,39741084,215,00000,0,1365.9623,11.981459,0.02479127,1140,244686,55.40645161290323,15.5
5038.418,1000.0,559759,False,40300843,,216,ed7f6cae57e544989254b07753d366d1,2020-04-22_15-57-09,1587571029,20.888330221176147,1479.1628904342651,87225,ip-172-31-19-219,172.31.19.219,1479.1628904342651,40300843,216,00000,0,1366.0175,11.295161,0.02473402,1140,245826,53.88999999999999,15.503333333333334
5038.418,nan,615899,False,40916742,,217,ed7f6cae57e544989254b07753d366d1,2020-04-22_15-57-30,1587571050,21.242403268814087,1500.4052937030792,87225,ip-172-31-19-219,172.31.19.219,1500.4052937030792,40916742,217,00000,0,1366.0623,10.360849,0.024521802,1140,246966,59.34999999999999,15.5
5038.418,nan,624236,False,41540978,,218,ed7f6cae57e544989254b07753d366d1,2020-04-22_15-57-52,1587571072,21.534769773483276,1521.9400634765625,87225,ip-172-31-19-219,172.31.19.219,1521.9400634765625,41540978,218,00000,0,1365.893,11.035317,0.024533872,1140,248106,58.596774193548384,15.503225806451614
5038.418,nan,677765,False,42218743,,219,ed7f6cae57e544989254b07753d366d1,2020-04-22_15-58-14,1587571094,22.59389567375183,1544.5339591503143,87225,ip-172-31-19-219,172.31.19.219,1544.5339591503143,42218743,219,00000,0,1365.5964,10.942949,0.024468279,1140,249246,62.859375,15.503125
5043.581,1000.0,664127,False,42882870,,220,ed7f6cae57e544989254b07753d366d1,2020-04-22_15-58-36,1587571116,22.322747945785522,1566.8567070960999,87225,ip-172-31-19-219,172.31.19.219,1566.8567070960999,42882870,220,00000,0,1365.2089,12.070421,0.024648897,1140,250386,62.071875000000006,15.503125
5043.196,1000.0,689683,False,43572553,,221,ed7f6cae57e544989254b07753d366d1,2020-04-22_15-58-59,1587571139,22.749971628189087,1589.606678724289,87225,ip-172-31-19-219,172.31.19.219,1589.606678724289,43572553,221,00000,0,1364.7953,12.1954,0.024789622,1140,251526,64.9625,15.5
5041.448,1000.0,722791,False,44295344,,222,ed7f6cae57e544989254b07753d366d1,2020-04-22_15-59-23,1587571163,23.39962863922119,1613.0063073635101,87225,ip-172-31-19-219,172.31.19.219,1613.0063073635101,44295344,222,00000,0,1364.4386,11.584736,0.02479847,1140,252666,64.33529411764707,15.5
5044.6475,1000.0,773803,False,45069147,,223,ed7f6cae57e544989254b07753d366d1,2020-04-22_15-59-47,1587571187,24.63629412651062,1637.6426014900208,87225,ip-172-31-19-219,172.31.19.219,1637.6426014900208,45069147,223,00000,0,1364.1473,10.697137,0.024633704,1140,253806,67.51428571428572,15.502857142857144
5049.9033,1000.0,763193,False,45832340,,224,ed7f6cae57e544989254b07753d366d1,2020-04-22_16-00-11,1587571211,23.68954372406006,1661.3321452140808,87225,ip-172-31-19-219,172.31.19.219,1661.3321452140808,45832340,224,00000,0,1363.7893,11.120735,0.024614552,1140,254946,70.5939393939394,15.5
5057.1865,1000.0,796835,False,46629175,,225,ed7f6cae57e544989254b07753d366d1,2020-04-22_16-00-36,1587571236,25.106496572494507,1686.4386417865753,87225,ip-172-31-19-219,172.31.19.219,1686.4386417865753,46629175,225,00000,0,1363.5269,10.964183,0.024564747,1140,256086,68.1,15.5
5057.1865,nan,836345,False,47465520,,226,ed7f6cae57e544989254b07753d366d1,2020-04-22_16-01-01,1587571261,24.871817111968994,1711.3104588985443,87225,ip-172-31-19-219,172.31.19.219,1711.3104588985443,47465520,226,00000,0,1363.3417,11.125437,0.024525262,1140,257226,72.65277777777777,15.502777777777778
5067.6924,1000.0,874619,False,48340139,,227,ed7f6cae57e544989254b07753d366d1,2020-04-22_16-01-28,1587571288,27.10946297645569,1738.419921875,87225,ip-172-31-19-219,172.31.19.219,1738.419921875,48340139,227,00000,0,1363.0793,12.528874,0.024786737,1140,258366,73.47631578947369,15.5
5084.7544,1000.0,843511,False,49183650,,228,ed7f6cae57e544989254b07753d366d1,2020-04-22_16-01-54,1587571314,26.17545247077942,1764.5953743457794,87225,ip-172-31-19-219,172.31.19.219,1764.5953743457794,49183650,228,00000,0,1362.761,10.575818,0.024543967,1140,259506,69.7,15.50263157894737
5084.7544,nan,860222,False,50043872,,229,ed7f6cae57e544989254b07753d366d1,2020-04-22_16-02-20,1587571340,25.44193744659424,1790.0373117923737,87225,ip-172-31-19-219,172.31.19.219,1790.0373117923737,50043872,229,00000,0,1362.4019,12.156605,0.024711503,1140,260646,75.61666666666665,15.5
5084.7544,nan,869816,False,50913688,,230,ed7f6cae57e544989254b07753d366d1,2020-04-22_16-02-45,1587571365,25.374176502227783,1815.4114882946014,87225,ip-172-31-19-219,172.31.19.219,1815.4114882946014,50913688,230,00000,0,1361.8522,11.697859,0.024759274,1140,261786,76.07777777777777,15.5
5110.5234,1000.0,831802,False,51745490,,231,ed7f6cae57e544989254b07753d366d1,2020-04-22_16-03-11,1587571391,26.047771692276,1841.4592599868774,87225,ip-172-31-19-219,172.31.19.219,1841.4592599868774,51745490,231,00000,0,1361.3915,10.9746895,0.024681233,1140,262926,69.62972972972972,15.5
5137.073,1000.0,822785,False,52568275,,232,ed7f6cae57e544989254b07753d366d1,2020-04-22_16-03-35,1587571415,24.32802414894104,1865.7872841358185,87225,ip-172-31-19-219,172.31.19.219,1865.7872841358185,52568275,232,00000,0,1361.0365,11.294475,0.024674296,1140,264066,72.5657142857143,15.5
5160.949,1000.0,814568,False,53382843,,233,ed7f6cae57e544989254b07753d366d1,2020-04-22_16-04-01,1587571441,25.635705947875977,1891.4229900836945,87225,ip-172-31-19-219,172.31.19.219,1891.4229900836945,53382843,233,00000,0,1360.7205,11.215233,0.024653586,1140,265206,67.32162162162162,15.5
5190.9146,1000.0,794669,False,54177512,,234,ed7f6cae57e544989254b07753d366d1,2020-04-22_16-04-26,1587571466,24.466227054595947,1915.8892171382904,87225,ip-172-31-19-219,172.31.19.219,1915.8892171382904,54177512,234,00000,0,1360.3868,11.728598,0.024741968,1140,266346,71.4029411764706,15.5
5217.707,1000.0,859594,False,55037106,,235,ed7f6cae57e544989254b07753d366d1,2020-04-22_16-04-51,1587571491,25.34227418899536,1941.2314913272858,87225,ip-172-31-19-219,172.31.19.219,1941.2314913272858,55037106,235,00000,0,1359.9645,11.037252,0.024692668,1140,267486,72.29459459459457,15.505405405405407
5242.48,1000.0,878434,False,55915540,,236,ed7f6cae57e544989254b07753d366d1,2020-04-22_16-05-16,1587571516,25.41978907585144,1966.6512804031372,87225,ip-172-31-19-219,172.31.19.219,1966.6512804031372,55915540,236,00000,0,1359.6292,11.289136,0.024668792,1140,268626,76.3,15.5
5270.427,1000.0,876102,False,56791642,,237,ed7f6cae57e544989254b07753d366d1,2020-04-22_16-05-42,1587571542,25.87183690071106,1992.5231173038483,87225,ip-172-31-19-219,172.31.19.219,1992.5231173038483,56791642,237,00000,0,1359.3339,11.090267,0.02467594,1140,269766,73.86486486486488,15.502702702702702
5298.2856,1000.0,857097,False,57648739,,238,ed7f6cae57e544989254b07753d366d1,2020-04-22_16-06-08,1587571568,26.12723970413208,2018.6503570079803,87225,ip-172-31-19-219,172.31.19.219,2018.6503570079803,57648739,238,00000,0,1359.0533,11.598817,0.024683679,1140,270906,71.79729729729729,15.5
5327.724,1000.0,858533,False,58507272,,239,ed7f6cae57e544989254b07753d366d1,2020-04-22_16-06-35,1587571595,26.398783683776855,2045.0491406917572,87225,ip-172-31-19-219,172.31.19.219,2045.0491406917572,58507272,239,00000,0,1358.8711,11.420056,0.024735007,1140,272046,69.97631578947369,15.50263157894737
5357.67,1000.0,855906,False,59363178,,240,ed7f6cae57e544989254b07753d366d1,2020-04-22_16-07-00,1587571620,25.464446306228638,2070.513586997986,87225,ip-172-31-19-219,172.31.19.219,2070.513586997986,59363178,240,00000,0,1358.694,11.304349,0.024727663,1140,273186,73.55833333333334,15.5
5382.9126,1000.0,812802,False,60175980,,241,ed7f6cae57e544989254b07753d366d1,2020-04-22_16-07-25,1587571645,24.345291137695312,2094.858878135681,87225,ip-172-31-19-219,172.31.19.219,2094.858878135681,60175980,241,00000,0,1358.4521,12.135334,0.024902264,1140,274326,70.96857142857142,15.505714285714287
5023.545,317.0,806723,False,60982703,,242,ed7f6cae57e544989254b07753d366d1,2020-04-22_16-07-49,1587571669,24.00864267349243,2118.8675208091736,87225,ip-172-31-19-219,172.31.19.219,2118.8675208091736,60982703,242,00000,0,1358.1282,11.863364,0.024984017,1140,275466,72.46764705882354,15.5
5023.545,nan,819937,False,61802640,,243,ed7f6cae57e544989254b07753d366d1,2020-04-22_16-08-13,1587571693,24.11612629890442,2142.983647108078,87225,ip-172-31-19-219,172.31.19.219,2142.983647108078,61802640,243,00000,0,1357.9259,11.763817,0.02502457,1140,276606,73.87647058823529,15.5
5047.0654,1000.0,843226,False,62645866,,244,ed7f6cae57e544989254b07753d366d1,2020-04-22_16-08-38,1587571718,25.764418125152588,2168.7480652332306,87225,ip-172-31-19-219,172.31.19.219,2168.7480652332306,62645866,244,00000,0,1357.7604,11.190974,0.024943674,1140,277746,70.4027027027027,15.5
5047.0654,nan,857258,False,63503124,,245,ed7f6cae57e544989254b07753d366d1,2020-04-22_16-09-03,1587571743,24.770864963531494,2193.518930196762,87225,ip-172-31-19-219,172.31.19.219,2193.518930196762,63503124,245,00000,0,1357.4613,11.11724,0.024843724,1140,278886,75.15142857142857,15.5
5072.5454,1000.0,884074,False,64387198,,246,ed7f6cae57e544989254b07753d366d1,2020-04-22_16-09-29,1587571769,25.890390396118164,2219.4093205928802,87225,ip-172-31-19-219,172.31.19.219,2219.4093205928802,64387198,246,00000,0,1357.1022,11.738797,0.024912547,1140,280026,75.03783783783786,15.5
5072.5454,nan,867127,False,65254325,,247,ed7f6cae57e544989254b07753d366d1,2020-04-22_16-09-54,1587571794,24.976639986038208,2244.3859605789185,87225,ip-172-31-19-219,172.31.19.219,2244.3859605789185,65254325,247,00000,0,1356.692,12.054614,0.025016535,1140,281166,75.07222222222221,15.5
5100.5366,1000.0,826485,False,66080810,,248,ed7f6cae57e544989254b07753d366d1,2020-04-22_16-10-21,1587571821,26.66339111328125,2271.0493516921997,87225,ip-172-31-19-219,172.31.19.219,2271.0493516921997,66080810,248,00000,0,1356.3213,12.012833,0.025112215,1140,282306,66.95789473684209,15.5
5100.5366,nan,822083,False,66902893,,249,ed7f6cae57e544989254b07753d366d1,2020-04-22_16-10-45,1587571845,24.1562659740448,2295.2056176662445,87225,ip-172-31-19-219,172.31.19.219,2295.2056176662445,66902893,249,00000,0,1356.0745,11.581284,0.025100997,1140,283446,73.16764705882353,15.5
5100.5366,nan,858262,False,67761155,,250,ed7f6cae57e544989254b07753d366d1,2020-04-22_16-11-10,1587571870,24.646158695220947,2319.8517763614655,87225,ip-172-31-19-219,172.31.19.219,2319.8517763614655,67761155,250,00000,0,1355.837,10.68697,0.024881242,1142,284588,73.54166666666669,15.5
5135.683,1000.0,862943,False,68624098,,251,ed7f6cae57e544989254b07753d366d1,2020-04-22_16-11-35,1587571895,25.874679803848267,2345.7264561653137,87225,ip-172-31-19-219,172.31.19.219,2345.7264561653137,68624098,251,00000,0,1355.6495,11.758024,0.024975013,1140,285728,74.30277777777778,15.5
5170.644,1000.0,815282,False,69439380,,252,ed7f6cae57e544989254b07753d366d1,2020-04-22_16-12-01,1587571921,25.936341047286987,2371.6627972126007,87225,ip-172-31-19-219,172.31.19.219,2371.6627972126007,69439380,252,00000,0,1355.4116,11.054292,0.02488497,1140,286868,67.11351351351351,15.5
5170.644,nan,871403,False,70310783,,253,ed7f6cae57e544989254b07753d366d1,2020-04-22_16-12-26,1587571946,24.938562631607056,2396.6013598442078,87225,ip-172-31-19-219,172.31.19.219,2396.6013598442078,70310783,253,00000,0,1355.2314,10.651267,0.024706919,1140,288008,75.29444444444445,15.5
5205.0083,1000.0,884997,False,71195780,,254,ed7f6cae57e544989254b07753d366d1,2020-04-22_16-12-52,1587571972,25.391874313354492,2421.9932341575623,87225,ip-172-31-19-219,172.31.19.219,2421.9932341575623,71195780,254,00000,0,1354.9967,10.709614,0.024598625,1140,289148,76.57777777777777,15.5
5234.125,1000.0,913178,False,72108958,,255,ed7f6cae57e544989254b07753d366d1,2020-04-22_16-13-18,1587571998,26.62809109687805,2448.6213252544403,87225,ip-172-31-19-219,172.31.19.219,2448.6213252544403,72108958,255,00000,0,1354.6962,11.168633,0.024585493,1140,290288,75.61052631578947,15.5
5234.125,nan,875248,False,72984206,,256,ed7f6cae57e544989254b07753d366d1,2020-04-22_16-13-43,1587572023,24.957833290100098,2473.5791585445404,87225,ip-172-31-19-219,172.31.19.219,2473.5791585445404,72984206,256,00000,0,1354.399,11.135584,0.024600402,1140,291428,75.47222222222223,15.502777777777778
5234.125,nan,866727,False,73850933,,257,ed7f6cae57e544989254b07753d366d1,2020-04-22_16-14-08,1587572048,24.861984491348267,2498.4411430358887,87225,ip-172-31-19-219,172.31.19.219,2498.4411430358887,73850933,257,00000,0,1354.0239,10.667952,0.024503378,1140,292568,76.09142857142858,15.5
5263.567,1000.0,818404,False,74669337,,258,ed7f6cae57e544989254b07753d366d1,2020-04-22_16-14-32,1587572072,23.85445785522461,2522.2956008911133,87225,ip-172-31-19-219,172.31.19.219,2522.2956008911133,74669337,258,00000,0,1353.5994,10.79533,0.024447683,1140,293708,72.91470588235292,15.5
5291.371,1000.0,843820,False,75513157,,259,ed7f6cae57e544989254b07753d366d1,2020-04-22_16-14-59,1587572099,26.86590552330017,2549.1615064144135,87225,ip-172-31-19-219,172.31.19.219,2549.1615064144135,75513157,259,00000,0,1353.1057,11.679223,0.02457209,1140,294848,66.07435897435896,15.5
5705.5186,1000.0,816308,False,76329465,,260,ed7f6cae57e544989254b07753d366d1,2020-04-22_16-15-24,1587572124,25.1533305644989,2574.3148369789124,87225,ip-172-31-19-219,172.31.19.219,2574.3148369789124,76329465,260,00000,0,1352.6383,10.746737,0.024499755,1140,295988,70.18285714285715,15.5
5731.823,1000.0,802310,False,77131775,,261,ed7f6cae57e544989254b07753d366d1,2020-04-22_16-15-48,1587572148,23.515209674835205,2597.8300466537476,87225,ip-172-31-19-219,172.31.19.219,2597.8300466537476,77131775,261,00000,0,1352.1329,11.643961,0.02467297,1142,297130,71.27352941176468,15.5
5754.618,1000.0,792345,False,77924120,,262,ed7f6cae57e544989254b07753d366d1,2020-04-22_16-16-11,1587572171,23.190709114074707,2621.0207557678223,87225,ip-172-31-19-219,172.31.19.219,2621.0207557678223,77924120,262,00000,0,1351.7078,11.714956,0.024799129,1140,298270,71.23333333333335,15.5
5774.388,1000.0,795389,False,78719509,,263,ed7f6cae57e544989254b07753d366d1,2020-04-22_16-16-34,1587572194,23.513386964797974,2644.5341427326202,87225,ip-172-31-19-219,172.31.19.219,2644.5341427326202,78719509,263,00000,0,1351.2732,11.1649885,0.024792062,1140,299410,69.70294117647059,15.5
5774.388,nan,796042,False,79515551,,264,ed7f6cae57e544989254b07753d366d1,2020-04-22_16-16-58,1587572218,23.635571241378784,2668.169713973999,87225,ip-172-31-19-219,172.31.19.219,2668.169713973999,79515551,264,00000,0,1350.8837,11.956618,0.024959851,1144,300554,72.14545454545456,15.5
5782.172,1000.0,792142,False,80307693,,265,ed7f6cae57e544989254b07753d366d1,2020-04-22_16-17-22,1587572242,24.408483743667603,2692.5781977176666,87225,ip-172-31-19-219,172.31.19.219,2692.5781977176666,80307693,265,00000,0,1350.4281,11.039256,0.02484006,1140,301694,67.05428571428571,15.5
5787.9873,1000.0,822639,False,81130332,,266,ed7f6cae57e544989254b07753d366d1,2020-04-22_16-17-48,1587572268,25.17746663093567,2717.7556643486023,87225,ip-172-31-19-219,172.31.19.219,2717.7556643486023,81130332,266,00000,0,1350.048,11.478909,0.024920953,1140,302834,68.75277777777778,15.5
5787.9873,nan,786062,False,81916394,,267,ed7f6cae57e544989254b07753d366d1,2020-04-22_16-18-11,1587572291,23.263155698776245,2741.0188200473785,87225,ip-172-31-19-219,172.31.19.219,2741.0188200473785,81916394,267,00000,0,1349.675,10.518813,0.02474612,1140,303974,70.0939393939394,15.5
5791.383,1000.0,829154,False,82745548,,268,ed7f6cae57e544989254b07753d366d1,2020-04-22_16-18-37,1587572317,25.98414373397827,2767.002963781357,87225,ip-172-31-19-219,172.31.19.219,2767.002963781357,82745548,268,00000,0,1349.2388,11.34955,0.024759239,1140,305114,67.86216216216218,15.5
5794.1904,1000.0,839980,False,83585528,,269,ed7f6cae57e544989254b07753d366d1,2020-04-22_16-19-02,1587572342,25.284000635147095,2792.286964416504,87225,ip-172-31-19-219,172.31.19.219,2792.286964416504,83585528,269,00000,0,1348.8645,10.953428,0.024726538,1144,306258,70.69166666666665,15.5
5793.345,1000.0,845846,False,84431374,,270,ed7f6cae57e544989254b07753d366d1,2020-04-22_16-19-28,1587572368,25.831268310546875,2818.118232727051,87225,ip-172-31-19-219,172.31.19.219,2818.118232727051,84431374,270,00000,0,1348.4553,10.865809,0.02466765,1144,307402,69.57837837837837,15.5
5795.197,1000.0,846171,False,85277545,,271,ed7f6cae57e544989254b07753d366d1,2020-04-22_16-19-53,1587572393,24.805655241012573,2842.9238879680634,87225,ip-172-31-19-219,172.31.19.219,2842.9238879680634,85277545,271,00000,0,1348.1251,11.254895,0.024699163,1140,308542,74.04571428571428,15.5
5795.197,nan,865860,False,86143405,,272,ed7f6cae57e544989254b07753d366d1,2020-04-22_16-20-18,1587572418,24.888232946395874,2867.8121209144592,87225,ip-172-31-19-219,172.31.19.219,2867.8121209144592,86143405,272,00000,0,1347.7732,11.608413,0.024774604,1140,309682,74.4861111111111,15.502777777777778
5796.6665,1000.0,827585,False,86970990,,273,ed7f6cae57e544989254b07753d366d1,2020-04-22_16-20-44,1587572444,26.02031135559082,2893.83243227005,87225,ip-172-31-19-219,172.31.19.219,2893.83243227005,86970990,273,00000,0,1347.4509,11.078971,0.02475301,1142,310824,68.32162162162163,15.5
5799.4775,1000.0,857101,False,87828091,,274,ed7f6cae57e544989254b07753d366d1,2020-04-22_16-21-09,1587572469,25.578771114349365,2919.4112033843994,87225,ip-172-31-19-219,172.31.19.219,2919.4112033843994,87828091,274,00000,0,1347.0708,10.977807,0.024684744,1140,311964,71.13783783783785,15.5
5800.366,1000.0,846465,False,88674556,,275,ed7f6cae57e544989254b07753d366d1,2020-04-22_16-21-34,1587572494,25.132435083389282,2944.5436384677887,87225,ip-172-31-19-219,172.31.19.219,2944.5436384677887,88674556,275,00000,0,1346.6152,11.573483,0.024797298,1140,313104,74.00285714285714,15.5
5806.5947,1000.0,872393,False,89546949,,276,ed7f6cae57e544989254b07753d366d1,2020-04-22_16-22-00,1587572520,25.994734525680542,2970.5383729934692,87225,ip-172-31-19-219,172.31.19.219,2970.5383729934692,89546949,276,00000,0,1346.1403,11.291957,0.024802074,1140,314244,71.9918918918919,15.5
5806.5947,nan,861493,False,90408442,,277,ed7f6cae57e544989254b07753d366d1,2020-04-22_16-22-25,1587572545,24.496511697769165,2995.0348846912384,87225,ip-172-31-19-219,172.31.19.219,2995.0348846912384,90408442,277,00000,0,1345.6935,10.38535,0.024624264,1140,315384,75.2657142857143,15.5
5815.381,1000.0,864171,False,91272613,,278,ed7f6cae57e544989254b07753d366d1,2020-04-22_16-22-50,1587572570,24.899047136306763,3019.933931827545,87225,ip-172-31-19-219,172.31.19.219,3019.933931827545,91272613,278,00000,0,1345.3033,11.821596,0.024805322,1140,316524,73.70833333333331,15.502777777777778
5815.381,nan,879484,False,92152097,,279,ed7f6cae57e544989254b07753d366d1,2020-04-22_16-23-15,1587572595,24.74108052253723,3044.6750123500824,87225,ip-172-31-19-219,172.31.19.219,3044.6750123500824,92152097,279,00000,0,1344.8534,11.377752,0.02481049,1140,317664,76.77142857142857,15.5
5828.0444,1000.0,870644,False,93022741,,280,ed7f6cae57e544989254b07753d366d1,2020-04-22_16-23-42,1587572622,27.056995153427124,3071.7320075035095,87225,ip-172-31-19-219,172.31.19.219,3071.7320075035095,93022741,280,00000,0,1344.4722,11.228676,0.024776772,1142,318806,68.42307692307693,15.502564102564103
5840.9727,1000.0,858136,False,93880877,,281,ed7f6cae57e544989254b07753d366d1,2020-04-22_16-24-06,1587572646,24.229914903640747,3095.9619224071503,87225,ip-172-31-19-219,172.31.19.219,3095.9619224071503,93880877,281,00000,0,1344.0367,11.14947,0.02477625,1142,319948,76.52352941176473,15.5
5860.2393,1000.0,875830,False,94756707,,282,ed7f6cae57e544989254b07753d366d1,2020-04-22_16-24-31,1587572671,24.92591619491577,3120.887838602066,87225,ip-172-31-19-219,172.31.19.219,3120.887838602066,94756707,282,00000,0,1343.7063,11.597741,0.024884565,1142,321090,74.88888888888886,15.502777777777778
5878.3916,1000.0,864448,False,95621155,,283,ed7f6cae57e544989254b07753d366d1,2020-04-22_16-24-57,1587572697,25.8293354511261,3146.717174053192,87225,ip-172-31-19-219,172.31.19.219,3146.717174053192,95621155,283,00000,0,1343.3705,11.365169,0.024912564,1140,322230,71.32702702702703,15.505405405405407
5893.0645,1000.0,851925,False,96473080,,284,ed7f6cae57e544989254b07753d366d1,2020-04-22_16-25-22,1587572722,25.423948049545288,3172.1411221027374,87225,ip-172-31-19-219,172.31.19.219,3172.1411221027374,96473080,284,00000,0,1343.0344,11.644887,0.024983136,1140,323370,72.0361111111111,15.5
5893.0645,nan,857576,False,97330656,,285,ed7f6cae57e544989254b07753d366d1,2020-04-22_16-25-47,1587572747,24.44632124900818,3196.5874433517456,87225,ip-172-31-19-219,172.31.19.219,3196.5874433517456,97330656,285,00000,0,1342.7314,11.906313,0.025167836,1140,324510,74.9457142857143,15.502857142857144
5908.2725,1000.0,845836,False,98176492,,286,ed7f6cae57e544989254b07753d366d1,2020-04-22_16-26-11,1587572771,24.345496892929077,3220.9329402446747,87225,ip-172-31-19-219,172.31.19.219,3220.9329402446747,98176492,286,00000,0,1342.5104,10.870045,0.025046116,1140,325650,75.20882352941176,15.5
5925.269,1000.0,832186,False,99008678,,287,ed7f6cae57e544989254b07753d366d1,2020-04-22_16-26-36,1587572796,25.37160897254944,3246.304549217224,87225,ip-172-31-19-219,172.31.19.219,3246.304549217224,99008678,287,00000,0,1342.3915,11.21939,0.024991533,1140,326790,68.63783783783782,15.505405405405407
5941.698,1000.0,825520,False,99834198,,288,ed7f6cae57e544989254b07753d366d1,2020-04-22_16-27-01,1587572821,24.856930255889893,3271.161479473114,87225,ip-172-31-19-219,172.31.19.219,3271.161479473114,99834198,288,00000,0,1342.3821,11.421071,0.02500001,1140,327930,71.32857142857142,15.5
5950.8965,1000.0,858721,False,100692919,,289,ed7f6cae57e544989254b07753d366d1,2020-04-22_16-27-26,1587572846,25.084147691726685,3296.2456271648407,87225,ip-172-31-19-219,172.31.19.219,3296.2456271648407,100692919,289,00000,0,1342.2821,10.723518,0.024886042,1140,329070,72.48055555555555,15.5
5962.7676,1000.0,847916,False,101540835,,290,ed7f6cae57e544989254b07753d366d1,2020-04-22_16-27-52,1587572872,25.852610111236572,3322.0982372760773,87225,ip-172-31-19-219,172.31.19.219,3322.0982372760773,101540835,290,00000,0,1342.2754,11.546625,0.02495999,1140,330210,69.8162162162162,15.502702702702702
5972.1914,1000.0,836429,False,102377264,,291,ed7f6cae57e544989254b07753d366d1,2020-04-22_16-28-17,1587572897,25.27872586250305,3347.3769631385803,87225,ip-172-31-19-219,172.31.19.219,3347.3769631385803,102377264,291,00000,0,1342.2054,11.420437,0.025023496,1140,331350,69.30000000000001,15.502777777777778
5985.3174,1000.0,822715,False,103199979,,292,ed7f6cae57e544989254b07753d366d1,2020-04-22_16-28-42,1587572922,24.492759466171265,3371.8697226047516,87225,ip-172-31-19-219,172.31.19.219,3371.8697226047516,103199979,292,00000,0,1342.1371,11.2933655,0.025030201,1140,332490,70.48285714285714,15.502857142857144
5995.401,1000.0,804915,False,104004894,,293,ed7f6cae57e544989254b07753d366d1,2020-04-22_16-29-06,1587572946,24.55717396736145,3396.426896572113,87225,ip-172-31-19-219,172.31.19.219,3396.426896572113,104004894,293,00000,0,1342.0348,11.396375,0.025032436,1140,333630,68.62571428571428,15.502857142857144
5995.401,nan,823518,False,104828412,,294,ed7f6cae57e544989254b07753d366d1,2020-04-22_16-29-30,1587572970,23.768439769744873,3420.195336341858,87225,ip-172-31-19-219,172.31.19.219,3420.195336341858,104828412,294,00000,0,1341.9224,11.597163,0.02507785,1140,334770,72.04705882352943,15.505882352941178
6001.328,1000.0,858060,True,105686472,,295,ed7f6cae57e544989254b07753d366d1,2020-04-22_16-29-55,1587572995,24.43554973602295,3444.630886077881,87225,ip-172-31-19-219,172.31.19.219,3444.630886077881,105686472,295,00000,0,1341.761,11.64938,0.025116423,1140,335910,76.41470588235295,15.5
